0,2.03,0,0,0,0,120,0
1,4.02,0,0,0,0,121,0
2,6.02,0,0,0,0,121,0
3,8.02,0,0,0,0,122,0
4,10.02,0,0,0,0,122,0
5,12.02,0,0,0,0,123,0
6,14.03,0,0,0,0,123,0
7,16.02,0,0,0,0,123,0
8,18.02,0,0,0,0,124,0
9,20.02,0,0,0,0,124,0
10,22.02,0,0,0,0,125,0
11,24.02,0,0,0,0,125,0
12,26.03,0,0,0,0,125,0
13,28.03,0,0,0,0,126,0
14,30.03,0,0,0,0,126,0
15,32.02,0,0,0,0,127,0
16,34.03,0,0,0,0,127,0
17,36.03,0,0,0,0,128,0
18,38.02,0,0,0,0,128,0
19,40.03,0,0,0,0,128,0
20,42.02,0,0,0,0,129,0
21,44.04,0,0,0,0,129,0
22,46.05,0,0,0,0,130,0
23,48.03,0,0,0,0,130,0
24,50.05,0,0,0,0,130,0
25,52.03,0,0,0,0,131,0
26,54.08,0,0,0,0,131,0
27,56.04,0,0,0,0,132,0
28,58.05,0,0,0,0,132,0
29,60.06,0,0,0,0,132,0
30,62.07,0,0,0,0,133,0
31,64.05,0,0,0,0,133,0
32,66.03,0,0,0,0,134,0
33,68.03,0,0,0,0,134,0
34,70.04,0,0,0,0,135,0
35,72.03,0,0,0,0,135,0
36,74.05,0,0,0,0,135,0
37,76.03,0,0,0,0,136,0
38,78.03,0,0,0,0,136,0
39,80.02,0,0,0,0,137,0
40,82.04,0,0,0,0,137,0
41,84.03,0,0,0,0,137,0
42,86.03,0,0,0,0,138,0
43,88.03,0,0,0,0,138,0
44,90.07,0,0,0,0,139,0
45,92.12,0,0,0,0,139,0
46,94.04,0,0,0,0,139,0
47,96.03,0,0,0,0,140,0
48,98.04,0,0,0,0,140,0
49,100.05,205,195,200,5,141,0
50,102.05,205,195,200,5,141,0
51,104.05,205,195,200,5,142,0
52,106.02,205,195,200,5,142,0
53,108.04,205,195,200,5,142,0
54,110.04,205,195,200,5,143,0
55,112.03,205,195,200,5,143,0
56,114.04,205,195,200,5,144,0
57,116.02,205,195,200,5,144,0
58,118.06,205,195,200,5,144,0
59,120.02,205,195,200,5,145,0
60,122.03,205,195,200,5,145,0
61,124.03,205,195,200,5,146,0
62,126.03,205,195,200,5,146,0
63,128.05,205,195,200,5,146,1
64,130.04,205,195,200,5,147,1
65,132.02,205,195,200,5,147,1
66,134.03,205,195,200,5,148,1
67,136.03,205,195,200,5,148,1
68,138.04,205,195,200,5,149,1
69,140.07,205,195,200,5,149,2
70,142.05,205,195,200,5,149,2
71,144.06,205,195,200,5,150,2
72,146.04,205,195,200,5,150,3
73,148.06,205,195,200,5,151,3
74,150.04,205,195,200,5,151,3
75,152.05,205,195,200,5,151,4
76,154.05,205,195,200,5,152,4
77,156.02,205,195,200,5,152,4
78,158.03,205,195,200,5,153,5
79,160.03,205,195,200,5,153,5
80,162.04,205,195,200,5,154,6
81,164.04,205,195,200,5,154,6
82,166.02,205,195,200,5,154,7
83,168.04,205,195,200,5,155,7
84,170.03,205,195,200,5,155,8
85,172.12,205,195,200,5,156,8
86,174.07,205,195,200,5,156,9
87,176.04,205,195,200,5,156,9
88,178.05,205,195,200,5,157,10
89,180.03,205,195,200,5,157,10
90,182.03,205,195,200,5,158,11
91,184.03,205,195,200,5,158,11
92,186.03,205,195,200,5,158,12
93,188.04,205,195,200,5,159,12
94,190.04,205,195,200,5,159,13
95,192.06,205,195,200,5,160,13
96,194.03,205,195,200,5,160,14
97,196.04,205,195,200,5,161,14
98,198.03,205,195,200,5,161,15
99,200.03,205,195,200,5,161,15
100,202.03,205,195,200,5,162,16
101,204.03,205,195,200,5,162,16
102,206.03,205,195,200,5,163,17
103,208.03,205,195,200,5,163,17
104,210.03,205,195,200,5,163,18
105,212.02,205,195,200,5,164,19
106,214.02,205,195,200,5,164,19
107,216.02,205,195,200,5,165,20
108,218.03,205,195,200,5,165,20
109,220.04,205,195,200,5,165,21
110,222.03,205,195,200,5,166,21
111,224.07,205,195,200,5,166,22
112,226.03,205,195,200,5,167,22
113,228.09,205,195,200,5,167,23
114,230.08,205,195,200,5,168,24
115,232.07,205,195,200,5,168,24
116,234.04,205,195,200,5,168,25
117,236.02,205,195,200,5,169,25
118,238.03,205,195,200,5,169,26
119,240.05,205,195,200,5,170,27
120,242.04,205,195,200,5,170,27
121,244.03,205,195,200,5,170,28
122,246.02,205,195,200,5,171,28
123,248.03,205,195,200,5,171,29
124,250.03,205,195,200,5,172,29
125,252.05,205,195,200,5,172,30
126,254.04,205,195,200,5,172,31
127,256.02,205,195,200,5,173,31
128,258.03,205,195,200,5,173,32
129,260.07,205,195,200,5,174,32
130,262.06,205,195,200,5,174,33
131,264.04,205,195,200,5,175,33
132,266.02,205,195,200,5,175,34
133,268.03,205,195,200,5,175,34
134,270.03,205,195,200,5,176,35
135,272.03,205,195,200,5,176,35
136,274.03,205,195,200,5,177,36
137,276.04,205,195,200,5,177,37
138,278.03,205,195,200,5,177,37
139,280.02,205,195,200,5,178,38
140,282.02,205,195,200,5,178,38
141,284.09,205,195,200,5,179,39
142,286.05,205,195,200,5,179,39
143,288.05,205,195,200,5,179,40
144,290.05,205,195,200,5,180,40
145,292.05,205,195,200,5,180,41
146,294.04,205,195,200,5,181,41
147,296.04,205,195,200,5,181,42
148,298.04,205,195,200,5,182,42
149,300.03,205,195,200,5,182,43
150,302.04,205,195,200,5,182,43
151,304.03,205,195,200,5,183,43
152,306.02,205,195,200,5,183,44
153,308.03,205,195,200,5,184,44
154,310.03,205,195,200,5,184,45
155,312.03,205,195,200,5,184,45
156,314.05,205,195,200,5,185,45
157,316.03,205,195,200,5,185,46
158,318.03,205,195,200,5,186,46
159,320.06,205,195,200,5,186,47
160,322.04,205,195,200,5,186,47
161,324.05,205,195,200,5,187,47
162,326.04,205,195,200,5,187,48
163,328.03,205,195,200,5,188,48
164,330.03,205,195,200,5,188,48
165,332.03,205,195,200,5,189,49
166,334.03,205,195,200,5,189,49
167,336.04,205,195,200,5,189,49
168,338.02,205,195,200,5,190,50
169,340.03,205,195,200,5,190,50
170,342.02,205,195,200,5,191,50
171,344.03,205,195,200,5,191,50
172,346.04,205,195,200,5,191,51
173,348.03,205,195,200,5,192,51
174,350.04,205,195,200,5,192,51
175,352.05,205,195,200,5,193,51
176,354.05,205,195,200,5,193,52
177,356.03,205,195,200,5,193,52
178,358.05,205,195,200,5,194,52
179,360.05,205,195,200,5,194,52
180,362.06,205,195,200,5,195,52
181,364.04,205,195,200,5,195,52
182,366.03,205,195,200,5,196,53
183,368.04,205,195,200,5,196,53
184,370.04,205,195,200,5,196,53
185,372.04,205,195,200,5,197,53
186,374.04,205,195,200,5,197,53
187,376.05,205,195,200,5,198,53
188,378.04,205,195,200,5,198,53
189,380.06,205,195,200,5,198,53
190,382.03,205,195,200,5,199,53
191,384.04,205,195,200,5,199,53
192,386.05,205,195,200,5,200,53
193,388.04,205,195,200,5,200,53
194,390.05,205,195,200,5,201,54
195,392.04,205,195,200,5,201,54
196,394.03,205,195,200,5,201,54
197,396.05,205,195,200,5,202,54
198,398.07,205,195,200,5,202,54
199,400.03,205,195,200,5,203,53
200,402.04,205,195,200,5,203,53
201,404.07,205,195,200,5,203,53
202,406.04,205,195,200,5,204,53
203,408.04,205,195,200,5,204,53
204,410.03,205,195,200,5,205,53
205,412.02,205,195,200,5,205,53
206,414.04,205,195,200,5,205,53
207,416.06,205,195,200,5,206,53
208,418.05,205,195,200,5,206,53
209,420.04,205,195,200,5,207,53
210,422.06,205,195,200,5,207,52
211,424.05,205,195,200,5,208,52
212,426.05,205,195,200,5,208,52
213,428.05,205,195,200,5,208,52
214,430.03,205,195,200,5,209,52
215,432.04,205,195,200,5,209,51
216,434.07,205,195,200,5,210,51
217,436.06,205,195,200,5,210,51
218,438.04,205,195,200,5,210,51
219,440.03,205,195,200,5,211,51
220,442.05,205,195,200,5,211,50
221,444.04,205,195,200,5,212,50
222,446.04,205,195,200,5,212,50
223,448.04,205,195,200,5,213,49
224,450.04,205,195,200,5,213,49
225,452.04,205,195,200,5,213,49
226,454.05,205,195,200,5,214,49
227,456.03,205,195,200,5,214,48
228,458.05,205,195,200,5,215,48
229,460.10,205,195,200,5,215,48
230,462.06,205,195,200,5,215,47
231,464.07,205,195,200,5,216,47
232,466.05,205,195,200,5,216,47
233,468.03,205,195,200,5,217,46
234,470.05,205,195,200,5,217,46
235,472.03,205,195,200,5,217,45
236,474.05,205,195,200,5,218,45
237,476.03,205,195,200,5,218,45
238,478.04,205,195,200,5,219,44
239,480.05,205,195,200,5,219,44
240,482.05,205,195,200,5,220,43
241,484.03,205,195,200,5,220,43
242,486.03,205,195,200,5,220,43
243,488.02,205,195,200,5,221,42
244,490.04,205,195,200,5,221,42
245,492.04,205,195,200,5,222,41
246,494.05,205,195,200,5,222,41
247,496.04,205,195,200,5,222,40
248,498.07,205,195,200,5,223,40
249,500.09,200,200,200,0,223,39
250,502.04,200,200,200,0,224,39
251,504.08,200,200,200,0,224,38
252,506.05,200,200,200,0,224,38
253,508.05,200,200,200,0,225,37
254,510.04,200,200,200,0,225,37
255,512.04,200,200,200,0,226,36
256,514.11,200,200,200,0,226,35
257,516.05,200,200,200,0,227,35
258,518.03,200,200,200,0,227,34
259,520.04,200,200,200,0,227,34
260,522.03,200,200,200,0,228,33
261,524.04,200,200,200,0,228,33
262,526.05,200,200,200,0,229,32
263,528.04,200,200,200,0,229,31
264,530.05,200,200,200,0,229,31
265,532.04,200,200,200,0,230,30
266,534.04,200,200,200,0,230,30
267,536.05,200,200,200,0,231,29
268,538.03,200,200,200,0,231,28
269,540.04,200,200,200,0,231,28
270,542.04,200,200,200,0,232,27
271,544.04,200,200,200,0,232,27
272,546.05,200,200,200,0,233,26
273,548.03,200,200,200,0,233,25
274,550.04,200,200,200,0,234,25
275,552.03,200,200,200,0,234,24
276,554.03,200,200,200,0,234,23
277,556.08,200,200,200,0,235,23
278,558.03,200,200,200,0,235,22
279,560.05,200,200,200,0,236,21
280,562.05,200,200,200,0,236,20
281,564.05,200,200,200,0,236,20
282,566.08,200,200,200,0,237,19
283,568.04,200,200,200,0,237,19
284,570.05,200,200,200,0,238,18
285,572.04,200,200,200,0,238,17
286,574.03,200,200,200,0,238,17
287,576.03,200,200,200,0,239,16
288,578.04,200,200,200,0,239,15
289,580.04,200,200,200,0,240,14
290,582.05,200,200,200,0,240,14
291,584.04,200,200,200,0,241,13
292,586.03,200,200,200,0,241,12
293,588.06,200,200,200,0,241,12
294,590.03,200,200,200,0,242,11
295,592.03,200,200,200,0,242,10
296,594.03,200,200,200,0,243,9
297,596.04,200,200,200,0,243,9
298,598.05,200,200,200,0,243,8
299,600.04,200,200,200,0,244,7
300,602.03,200,200,200,0,244,7
301,604.04,200,200,200,0,245,6
302,606.04,200,200,200,0,245,5
303,608.04,200,200,200,0,245,5
304,610.03,200,200,200,0,246,4
305,612.04,200,200,200,0,246,3
306,614.03,200,200,200,0,247,2
307,616.03,200,200,200,0,247,2
308,618.03,200,200,200,0,248,1
309,620.05,200,200,200,0,248,0
310,622.03,200,200,200,0,248,-1
311,624.04,200,200,200,0,249,-1
312,626.04,200,200,200,0,249,-2
313,628.06,200,200,200,0,250,-3
314,630.05,200,200,200,0,250,-3
315,632.06,200,200,200,0,250,-4
316,634.06,200,200,200,0,251,-5
317,636.04,200,200,200,0,251,-5
318,638.04,200,200,200,0,252,-6
319,640.04,200,200,200,0,252,-7
320,642.03,200,200,200,0,252,-7
321,644.04,200,200,200,0,253,-8
322,646.05,200,200,200,0,253,-9
323,648.04,200,200,200,0,254,-9
324,650.05,200,200,200,0,254,-10
325,652.03,200,200,200,0,255,-11
326,654.06,200,200,200,0,255,-11
327,656.05,200,200,200,0,255,-12
328,658.03,200,200,200,0,0,-13
329,660.04,200,200,200,0,0,-13
330,662.06,200,200,200,0,1,-14
331,664.07,200,200,200,0,1,-15
332,666.09,200,200,200,0,1,-15
333,668.06,200,200,200,0,2,-16
334,670.04,200,200,200,0,2,-16
335,672.03,200,200,200,0,259,-17
336,674.04,200,200,200,0,259,-18
337,676.05,200,200,200,0,259,-18
338,678.06,200,200,200,0,260,-19
339,680.04,200,200,200,0,260,-19
340,682.04,200,200,200,0,261,-20
341,684.03,200,200,200,0,261,-20
342,686.06,200,200,200,0,261,-21
343,688.05,200,200,200,0,262,-21
344,690.04,200,200,200,0,262,-22
345,692.04,200,200,200,0,263,-23
346,694.05,200,200,200,0,263,-23
347,696.05,200,200,200,0,520,-24
348,698.04,200,200,200,0,520,-24
349,700.07,200,200,200,0,520,-25
350,702.04,200,200,200,0,521,-25
351,704.05,200,200,200,0,521,-26
352,706.05,200,200,200,0,522,-26
353,708.03,200,200,200,0,522,-27
354,710.08,200,200,200,0,522,-27
355,712.04,200,200,200,0,523,-28
356,714.05,200,200,200,0,523,-28
357,716.04,200,200,200,0,524,-28
358,718.06,200,200,200,0,524,-29
359,720.03,200,200,200,0,524,-29
360,722.07,200,200,200,0,525,-30
361,724.04,200,200,200,0,525,-30
362,726.05,200,200,200,0,782,-31
363,728.04,200,200,200,0,782,-31
364,730.04,200,200,200,0,782,-31
365,732.04,200,200,200,0,783,-32
366,734.14,200,200,200,0,783,-32
367,736.06,200,200,200,0,784,-33
368,738.04,200,200,200,0,784,-33
369,740.04,200,200,200,0,785,-33
370,742.04,200,200,200,0,785,-33
371,744.04,200,200,200,0,785,-34
372,746.03,200,200,200,0,1042,-34
373,748.06,200,200,200,0,1042,-34
374,750.03,200,200,200,0,1043,-35
375,752.03,200,200,200,0,1043,-35
376,754.05,200,200,200,0,1043,-35
377,756.05,200,200,200,0,1044,-36
378,758.05,200,200,200,0,1044,-36
379,760.04,200,200,200,0,1045,-36
380,762.03,200,200,200,0,1045,-36
381,764.06,200,200,200,0,1045,-37
382,766.06,200,200,200,0,1302,-37
383,768.07,200,200,200,0,1302,-37
384,770.05,200,200,200,0,1303,-37
385,772.05,200,200,200,0,1303,-37
386,774.04,200,200,200,0,1303,-37
387,776.04,200,200,200,0,1560,-38
388,778.04,200,200,200,0,1560,-38
389,780.03,200,200,200,0,1817,-38
390,782.04,200,200,200,0,1817,-38
391,784.03,200,200,200,0,2074,-38
392,786.04,200,200,200,0,2074,-38
393,788.05,200,200,200,0,2074,-39
394,790.04,200,200,200,0,2075,-39
395,792.04,200,200,200,0,2075,-39
396,794.03,200,200,200,0,2332,-39
397,796.05,200,200,200,0,2332,-39
398,798.11,200,200,200,0,2332,-39
399,800.06,200,200,200,0,2333,-39
400,802.07,200,200,200,0,2333,-39
401,804.05,200,200,200,0,2334,-39
402,806.05,200,200,200,0,2334,-39
403,808.04,200,200,200,0,2334,-39
404,810.04,200,200,200,0,2591,-39
405,812.03,200,200,200,0,2591,-39
406,814.05,200,200,200,0,2848,-39
407,816.06,200,200,200,0,2848,-39
408,818.05,200,200,200,0,2848,-39
409,820.04,200,200,200,0,2849,-39
410,822.04,200,200,200,0,2849,-39
411,824.05,200,200,200,0,3106,-39
412,826.06,200,200,200,0,3106,-38
413,828.04,200,200,200,0,3107,-38
414,830.04,200,200,200,0,3107,-38
415,832.04,200,200,200,0,3107,-38
416,834.05,200,200,200,0,3364,-38
417,836.04,200,200,200,0,3364,-38
418,838.05,200,200,200,0,3365,-38
419,840.04,200,200,200,0,3365,-37
420,842.03,200,200,200,0,3365,-37
421,844.03,200,200,200,0,3366,-37
422,846.04,200,200,200,0,3366,-37
423,848.04,200,200,200,0,3623,-37
424,850.03,200,200,200,0,3623,-37
425,852.05,200,200,200,0,3623,-36
426,854.04,200,200,200,0,3624,-36
427,856.04,200,200,200,0,3624,-36
428,858.05,200,200,200,0,3625,-36
429,860.06,200,200,200,0,3625,-35
430,862.04,200,200,200,0,3625,-35
431,864.04,200,200,200,0,3882,-35
432,866.03,200,200,200,0,3882,-35
433,868.04,200,200,200,0,4139,-34
434,870.04,200,200,200,0,4139,-34
435,872.04,200,200,200,0,4140,-34
436,874.09,200,200,200,0,4140,-34
437,876.05,200,200,200,0,4140,-33
438,878.04,200,200,200,0,4141,-33
439,880.04,200,200,200,0,4141,-33
440,882.04,200,200,200,0,4398,-32
441,884.06,200,200,200,0,4398,-32
442,886.07,200,200,200,0,4398,-32
443,888.06,200,200,200,0,4399,-31
444,890.05,200,200,200,0,4399,-31
445,892.04,200,200,200,0,4400,-31
446,894.05,200,200,200,0,4400,-30
447,896.05,200,200,200,0,4400,-30
448,898.04,200,200,200,0,4401,-30
449,900.07,200,200,200,0,4401,-29
450,902.05,200,200,200,0,4658,-29
451,904.05,200,200,200,0,4658,-28
452,906.06,200,200,200,0,4658,-28
453,908.05,200,200,200,0,4659,-28
454,910.06,200,200,200,0,4659,-27
455,912.07,200,200,200,0,4660,-27
456,914.04,200,200,200,0,4660,-26
457,916.06,200,200,200,0,4661,-26
458,918.03,200,200,200,0,4661,-25
459,920.03,200,200,200,0,4661,-25
460,922.04,200,200,200,0,4918,-25
461,924.05,200,200,200,0,4918,-24
462,926.07,200,200,200,0,4919,-24
463,928.04,200,200,200,0,4919,-23
464,930.04,200,200,200,0,4919,-23
465,932.04,200,200,200,0,4920,-22
466,934.05,200,200,200,0,4920,-22
467,936.05,200,200,200,0,4921,-21
468,938.08,200,200,200,0,4921,-21
469,940.06,200,200,200,0,4921,-20
470,942.08,200,200,200,0,4922,-20
471,944.06,200,200,200,0,4922,-19
472,946.06,200,200,200,0,4923,-19
473,948.04,200,200,200,0,4923,-18
474,950.05,200,200,200,0,4923,-18
475,952.04,200,200,200,0,4924,-17
476,954.04,200,200,200,0,4924,-17
477,956.06,200,200,200,0,4925,-16
478,958.06,200,200,200,0,4925,-16
479,960.04,200,200,200,0,5950,-15
480,962.04,200,200,200,0,5950,-15
481,964.08,200,200,200,0,5950,-14
482,966.05,200,200,200,0,5951,-14
483,968.05,200,200,200,0,5951,-13
484,970.04,200,200,200,0,5952,-13
485,972.04,200,200,200,0,5952,-12
486,974.05,200,200,200,0,5952,-12
487,976.04,200,200,200,0,5953,-11
488,978.07,200,200,200,0,5953,-11
489,980.04,200,200,200,0,5954,-10
490,982.04,200,200,200,0,5954,-9
491,984.04,200,200,200,0,5954,-9
492,986.05,200,200,200,0,5955,-8
493,988.05,200,200,200,0,5955,-8
494,990.06,200,200,200,0,5956,-7
495,992.06,200,200,200,0,5956,-7
496,994.05,200,200,200,0,5957,-6
497,996.06,200,200,200,0,5957,-6
498,998.06,200,200,200,0,5957,-5
499,1000.06,200,200,200,0,5958,-5
500,1002.05,200,200,200,0,5958,-4
501,1004.04,200,200,200,0,5959,-3
502,1006.04,200,200,200,0,5959,-3
503,1008.12,200,200,200,0,5959,-2
504,1010.07,200,200,200,0,5960,-2
505,1012.07,200,200,200,0,5960,-1
506,1014.04,200,200,200,0,5961,-1
507,1016.05,200,200,200,0,5961,0
508,1018.04,200,200,200,0,5962,0
509,1020.05,200,200,200,0,5962,1
510,1022.03,200,200,200,0,5962,1
511,1024.04,200,200,200,0,5963,2
512,1026.04,200,200,200,0,5963,3
513,1028.06,200,200,200,0,5964,3
514,1030.04,200,200,200,0,5964,4
515,1032.04,200,200,200,0,5964,4
516,1034.04,200,200,200,0,5965,5
517,1036.06,200,200,200,0,5965,5
518,1038.04,200,200,200,0,5966,6
519,1040.05,200,200,200,0,5966,6
520,1042.05,200,200,200,0,5966,7
521,1044.08,200,200,200,0,5967,7
522,1046.06,200,200,200,0,5967,8
523,1048.06,200,200,200,0,5968,8
524,1050.04,200,200,200,0,5968,9
525,1052.04,200,200,200,0,5969,9
526,1054.04,200,200,200,0,5969,10
527,1056.06,200,200,200,0,5969,11
528,1058.04,200,200,200,0,5970,11
529,1060.04,200,200,200,0,5970,11
530,1062.04,200,200,200,0,5971,12
531,1064.04,200,200,200,0,5971,12
532,1066.06,200,200,200,0,5971,13
533,1068.05,200,200,200,0,5972,13
534,1070.07,200,200,200,0,5972,14
535,1072.04,200,200,200,0,5973,14
536,1074.09,200,200,200,0,5973,15
537,1076.05,200,200,200,0,5973,15
538,1078.05,200,200,200,0,5974,16
539,1080.05,200,200,200,0,5974,16
540,1082.05,200,200,200,0,5975,17
541,1084.05,200,200,200,0,5975,17
542,1086.04,200,200,200,0,5976,18
543,1088.05,200,200,200,0,5976,18
544,1090.03,200,200,200,0,5976,19
545,1092.03,200,200,200,0,5977,19
546,1094.06,200,200,200,0,5977,19
547,1096.05,200,200,200,0,5978,20
548,1098.04,200,200,200,0,5978,20
549,1100.06,200,200,200,0,5978,21
550,1102.04,200,200,200,0,5979,21
551,1104.06,200,200,200,0,5979,21
552,1106.06,200,200,200,0,5980,22
553,1108.04,200,200,200,0,5980,22
554,1110.05,200,200,200,0,5980,23
555,1112.04,200,200,200,0,5981,23
556,1114.04,200,200,200,0,5981,24
557,1116.06,200,200,200,0,5982,24
558,1118.05,200,200,200,0,5982,24
559,1120.04,200,200,200,0,5983,25
560,1122.05,200,200,200,0,5983,25
561,1124.06,200,200,200,0,5983,25
562,1126.05,200,200,200,0,5984,26
563,1128.06,200,200,200,0,5984,26
564,1130.06,200,200,200,0,5985,26
565,1132.08,200,200,200,0,5985,27
566,1134.04,200,200,200,0,5985,27
567,1136.06,200,200,200,0,5986,27
568,1138.08,200,200,200,0,5986,28
569,1140.06,200,200,200,0,5987,28
570,1142.06,200,200,200,0,5987,28
571,1144.10,200,200,200,0,5988,29
572,1146.06,200,200,200,0,5988,29
573,1148.07,200,200,200,0,5988,29
574,1150.05,200,200,200,0,5989,29
575,1152.05,200,200,200,0,5989,30
576,1154.06,200,200,200,0,5990,30
577,1156.04,200,200,200,0,5990,30
578,1158.04,200,200,200,0,5990,30
579,1160.04,200,200,200,0,5991,31
580,1162.04,200,200,200,0,5991,31
581,1164.05,200,200,200,0,5992,31
582,1166.04,200,200,200,0,5992,31
583,1168.04,200,200,200,0,5992,31
584,1170.04,200,200,200,0,5993,32
585,1172.04,200,200,200,0,5993,32
586,1174.04,200,200,200,0,5994,32
587,1176.07,200,200,200,0,5994,32
588,1178.05,200,200,200,0,5995,32
589,1180.07,200,200,200,0,5995,32
590,1182.05,200,200,200,0,5995,32
591,1184.05,200,200,200,0,5996,32
592,1186.05,200,200,200,0,5996,33
593,1188.05,200,200,200,0,5997,33
594,1190.04,200,200,200,0,5997,33
595,1192.08,200,200,200,0,5997,33
596,1194.06,200,200,200,0,5998,33
597,1196.05,200,200,200,0,5998,33
598,1198.04,200,200,200,0,5999,33
599,1200.06,200,200,200,0,5999,33
600,1202.04,200,200,200,0,5999,33
601,1204.05,200,200,200,0,6000,33
602,1206.04,200,200,200,0,6000,33
603,1208.06,200,200,200,0,6001,33
604,1210.04,200,200,200,0,6001,33
605,1212.05,200,200,200,0,6002,33
606,1214.06,200,200,200,0,6002,33
607,1216.05,200,200,200,0,6002,33
608,1218.07,200,200,200,0,6003,33
609,1220.06,200,200,200,0,6003,33
610,1222.04,200,200,200,0,6004,33
611,1224.04,200,200,200,0,6004,33
612,1226.05,200,200,200,0,6004,33
613,1228.04,200,200,200,0,6005,33
614,1230.04,200,200,200,0,6005,33
615,1232.06,200,200,200,0,6006,33
616,1234.05,200,200,200,0,6006,33
617,1236.05,200,200,200,0,6006,33
618,1238.09,200,200,200,0,6007,33
619,1240.05,200,200,200,0,6007,33
620,1242.04,200,200,200,0,6008,32
621,1244.06,200,200,200,0,6008,32
622,1246.06,200,200,200,0,6009,32
623,1248.04,200,200,200,0,6009,32
624,1250.06,200,200,200,0,6009,32
625,1252.05,200,200,200,0,6010,32
626,1254.06,200,200,200,0,6010,32
627,1256.05,200,200,200,0,6011,32
628,1258.06,200,200,200,0,6011,31
629,1260.05,200,200,200,0,6011,31
630,1262.04,200,200,200,0,6012,31
631,1264.04,200,200,200,0,6012,31
632,1266.05,200,200,200,0,6013,31
633,1268.04,200,200,200,0,6013,30
634,1270.05,200,200,200,0,6014,30
635,1272.06,200,200,200,0,6014,30
636,1274.06,200,200,200,0,6014,30
637,1276.06,200,200,200,0,6015,29
638,1278.07,200,200,200,0,6015,29
639,1280.07,200,200,200,0,6016,29
640,1282.06,200,200,200,0,6016,29
641,1284.04,200,200,200,0,6016,29
642,1286.04,200,200,200,0,6017,28
643,1288.06,200,200,200,0,6017,28
644,1290.07,200,200,200,0,6018,28
645,1292.04,200,200,200,0,6018,28
646,1294.06,200,200,200,0,6018,27
647,1296.05,200,200,200,0,6019,27
648,1298.04,200,200,200,0,6019,27
649,1300.04,200,200,200,0,6020,27
650,1302.07,200,200,200,0,6020,26
651,1304.08,200,200,200,0,6021,26
652,1306.06,200,200,200,0,6021,26
653,1308.06,200,200,200,0,6021,25
654,1310.07,200,200,200,0,6022,25
655,1312.06,200,200,200,0,6022,25
656,1314.08,200,200,200,0,6023,25
657,1316.06,200,200,200,0,6023,24
658,1318.05,200,200,200,0,6023,24
659,1320.06,200,200,200,0,6024,24
660,1322.05,200,200,200,0,6024,23
661,1324.04,200,200,200,0,6025,23
662,1326.06,200,200,200,0,6025,23
663,1328.04,200,200,200,0,6025,22
664,1330.06,200,200,200,0,6026,22
665,1332.06,200,200,200,0,6026,22
666,1334.05,200,200,200,0,6027,21
667,1336.08,200,200,200,0,6027,21
668,1338.04,200,200,200,0,6028,21
669,1340.07,200,200,200,0,6028,20
670,1342.05,200,200,200,0,6028,20
671,1344.05,200,200,200,0,6029,20
672,1346.05,200,200,200,0,6029,19
673,1348.06,200,200,200,0,6030,19
674,1350.06,200,200,200,0,6030,19
675,1352.07,200,200,200,0,6030,18
676,1354.05,200,200,200,0,6031,18
677,1356.04,200,200,200,0,6031,17
678,1358.05,200,200,200,0,6032,17
679,1360.06,200,200,200,0,6032,17
680,1362.05,200,200,200,0,6032,16
681,1364.06,200,200,200,0,6033,16
682,1366.04,200,200,200,0,6033,16
683,1368.04,200,200,200,0,6034,15
684,1370.04,200,200,200,0,6034,15
685,1372.05,200,200,200,0,6035,14
686,1374.04,200,200,200,0,6035,14
687,1376.08,200,200,200,0,6035,14
688,1378.05,200,200,200,0,6036,13
689,1380.06,200,200,200,0,6036,13
690,1382.05,200,200,200,0,6037,12
691,1384.05,200,200,200,0,6037,12
692,1386.06,200,200,200,0,6037,12
693,1388.05,200,200,200,0,6038,11
694,1390.07,200,200,200,0,6038,11
695,1392.05,200,200,200,0,6039,10
696,1394.05,200,200,200,0,6039,10
697,1396.06,200,200,200,0,6039,10
698,1398.04,200,200,200,0,6040,9
699,1400.10,200,200,200,0,6040,9
700,1402.07,200,200,200,0,6041,8
701,1404.07,200,200,200,0,6041,8
702,1406.07,200,200,200,0,6042,8
703,1408.06,200,200,200,0,6042,7
704,1410.06,200,200,200,0,6042,7
705,1412.04,200,200,200,0,6043,6
706,1414.05,200,200,200,0,6043,6
707,1416.06,200,200,200,0,6044,5
708,1418.05,200,200,200,0,6044,5
709,1420.05,200,200,200,0,6044,5
710,1422.04,200,200,200,0,6045,4
711,1424.05,200,200,200,0,6045,4
712,1426.05,200,200,200,0,6046,3
713,1428.04,200,200,200,0,6046,3
714,1430.05,200,200,200,0,6047,3
715,1432.05,200,200,200,0,6047,2
716,1434.04,200,200,200,0,6047,2
717,1436.04,200,200,200,0,6048,1
718,1438.06,200,200,200,0,6048,1
719,1440.06,200,200,200,0,6049,1
720,1442.06,200,200,200,0,6049,0
721,1444.05,200,200,200,0,6049,0
722,1446.06,200,200,200,0,6050,0
723,1448.08,200,200,200,0,6050,-1
724,1450.08,200,200,200,0,6051,-1
725,1452.08,200,200,200,0,6051,-1
726,1454.06,200,200,200,0,6051,-2
727,1456.05,200,200,200,0,6052,-2
728,1458.08,200,200,200,0,6052,-3
729,1460.07,200,200,200,0,6053,-3
730,1462.05,200,200,200,0,6053,-3
731,1464.05,200,200,200,0,6054,-4
732,1466.07,200,200,200,0,6054,-4
733,1468.07,200,200,200,0,6054,-4
734,1470.07,200,200,200,0,6055,-5
735,1472.05,200,200,200,0,6055,-5
736,1474.06,200,200,200,0,6056,-5
737,1476.05,200,200,200,0,6056,-6
738,1478.04,200,200,200,0,6056,-6
739,1480.06,200,200,200,0,6057,-7
740,1482.05,200,200,200,0,6057,-7
741,1484.05,200,200,200,0,6058,-7
742,1486.05,200,200,200,0,6058,-7
743,1488.06,200,200,200,0,6058,-8
744,1490.07,200,200,200,0,6059,-8
745,1492.04,200,200,200,0,6059,-8
746,1494.04,200,200,200,0,6060,-9
747,1496.05,200,200,200,0,6060,-9
748,1498.06,200,200,200,0,6061,-9
749,1500.05,0,0,0,0,6061,-10
750,1502.05,0,0,0,0,6061,-10
751,1504.09,0,0,0,0,6062,-10
752,1506.06,0,0,0,0,6062,-11
753,1508.05,0,0,0,0,6063,-11
754,1510.03,0,0,0,0,6063,-11
755,1512.05,0,0,0,0,6063,-11
756,1514.07,0,0,0,0,6064,-12
757,1516.08,0,0,0,0,6064,-12
758,1518.06,0,0,0,0,6065,-12
759,1520.05,0,0,0,0,6065,-13
760,1522.05,0,0,0,0,6066,-13
761,1524.04,0,0,0,0,6066,-13
762,1526.09,0,0,0,0,6066,-14
763,1528.06,0,0,0,0,6067,-14
764,1530.05,0,0,0,0,6067,-15
765,1532.06,0,0,0,0,6068,-15
766,1534.07,0,0,0,0,6068,-16
767,1536.06,0,0,0,0,6068,-16
768,1538.06,0,0,0,0,6069,-17
769,1540.05,0,0,0,0,6069,-17
770,1542.07,0,0,0,0,6070,-18
771,1544.08,0,0,0,0,6070,-19
772,1546.10,0,0,0,0,6070,-19
773,1548.09,0,0,0,0,6071,-20
774,1550.09,0,0,0,0,6071,-21
775,1552.05,0,0,0,0,6072,-21
776,1554.05,0,0,0,0,6072,-22
777,1556.06,0,0,0,0,6073,-23
778,1558.06,0,0,0,0,6073,-24
779,1560.08,0,0,0,0,6073,-25
780,1562.04,0,0,0,0,6074,-26
781,1564.06,0,0,0,0,6074,-27
782,1566.04,0,0,0,0,6075,-27
783,1568.04,0,0,0,0,6075,-28
784,1570.05,0,0,0,0,6075,-29
785,1572.04,0,0,0,0,6076,-30
786,1574.06,0,0,0,0,6076,-31
787,1576.06,0,0,0,0,6077,-32
788,1578.05,0,0,0,0,6077,-33
789,1580.05,0,0,0,0,6077,-34
790,1582.04,0,0,0,0,6078,-35
791,1584.05,0,0,0,0,6078,-36
792,1586.06,0,0,0,0,6079,-37
793,1588.07,0,0,0,0,6079,-38
794,1590.06,0,0,0,0,6080,-39
795,1592.05,0,0,0,0,6080,-40
796,1594.07,0,0,0,0,6080,-41
797,1596.06,0,0,0,0,6081,-43
798,1598.07,0,0,0,0,6081,-43
799,1600.07,0,0,0,0,6082,-45
800,1602.05,0,0,0,0,6082,-46
801,1604.06,0,0,0,0,6082,-47
802,1606.06,0,0,0,0,6083,-48
803,1608.05,0,0,0,0,6083,-49
804,1610.05,0,0,0,0,6084,-50
805,1612.05,0,0,0,0,6084,-51
806,1614.07,0,0,0,0,6084,-52
807,1616.05,0,0,0,0,6085,-53
808,1618.06,0,0,0,0,6085,-54
809,1620.07,0,0,0,0,6086,-55
810,1622.05,0,0,0,0,6086,-56
811,1624.05,0,0,0,0,6087,-57
812,1626.06,0,0,0,0,6087,-58
813,1628.05,0,0,0,0,6087,-59
814,1630.07,0,0,0,0,6088,-60
815,1632.05,0,0,0,0,6088,-61
816,1634.06,0,0,0,0,6089,-62
817,1636.05,0,0,0,0,6089,-63
818,1638.05,0,0,0,0,6089,-64
819,1640.06,0,0,0,0,6090,-65
820,1642.04,0,0,0,0,6090,-66
821,1644.05,0,0,0,0,6091,-67
822,1646.06,0,0,0,0,6091,-67
823,1648.08,0,0,0,0,6091,-68
824,1650.07,0,0,0,0,6092,-69
825,1652.07,0,0,0,0,6092,-70
826,1654.06,0,0,0,0,6093,-71
827,1656.06,0,0,0,0,6093,-71
828,1658.04,0,0,0,0,6094,-72
829,1660.05,0,0,0,0,6094,-73
830,1662.04,0,0,0,0,6094,-73
831,1664.05,0,0,0,0,6095,-74
832,1666.07,0,0,0,0,6095,-75
833,1668.07,0,0,0,0,6096,-75
834,1670.12,0,0,0,0,6096,-76
835,1672.04,0,0,0,0,6096,-77
836,1674.05,0,0,0,0,6097,-77
837,1676.05,0,0,0,0,6097,-78
838,1678.07,0,0,0,0,6098,-78
839,1680.05,0,0,0,0,6098,-79
840,1682.04,0,0,0,0,6098,-79
841,1684.05,0,0,0,0,6099,-79
842,1686.06,0,0,0,0,6099,-80
843,1688.08,0,0,0,0,6100,-80
844,1690.07,0,0,0,0,6100,-80
845,1692.06,0,0,0,0,6101,-81
846,1694.06,0,0,0,0,6101,-81
847,1696.06,0,0,0,0,6101,-81
848,1698.08,0,0,0,0,6102,-81
849,1700.09,0,0,0,0,6102,-82
850,1702.05,0,0,0,0,6103,-82
851,1704.05,0,0,0,0,6103,-82
852,1706.06,0,0,0,0,6103,-82
853,1708.06,0,0,0,0,6104,-82
854,1710.07,0,0,0,0,6104,-82
855,1712.05,0,0,0,0,6105,-83
856,1714.07,0,0,0,0,6105,-83
857,1716.09,0,0,0,0,6105,-83
858,1718.09,0,0,0,0,6106,-83
859,1720.07,0,0,0,0,6106,-83
860,1722.05,0,0,0,0,6107,-83
861,1724.07,0,0,0,0,6107,-83
862,1726.05,0,0,0,0,6108,-83
863,1728.07,0,0,0,0,6108,-83
864,1730.06,0,0,0,0,6108,-83
865,1732.05,0,0,0,0,6109,-83
866,1734.05,0,0,0,0,6109,-82
867,1736.04,0,0,0,0,6110,-82
868,1738.04,0,0,0,0,6110,-82
869,1740.06,0,0,0,0,6110,-82
870,1742.09,0,0,0,0,6111,-82
871,1744.06,0,0,0,0,6111,-82
872,1746.06,0,0,0,0,6112,-81
873,1748.09,0,0,0,0,6112,-81
874,1750.10,0,0,0,0,6112,-81
875,1752.06,0,0,0,0,6113,-81
876,1754.12,0,0,0,0,6113,-80
877,1756.06,0,0,0,0,6114,-80
878,1758.05,0,0,0,0,6114,-80
879,1760.05,0,0,0,0,6115,-79
880,1762.05,0,0,0,0,6115,-79
881,1764.05,0,0,0,0,6115,-79
882,1766.07,0,0,0,0,6116,-78
883,1768.07,0,0,0,0,6116,-78
884,1770.05,0,0,0,0,6117,-77
885,1772.08,0,0,0,0,6117,-77
886,1774.07,0,0,0,0,6117,-76
887,1776.06,0,0,0,0,6118,-76
888,1778.06,0,0,0,0,6118,-75
889,1780.06,0,0,0,0,6119,-75
890,1782.05,0,0,0,0,6119,-74
891,1784.05,0,0,0,0,6119,-74
892,1786.14,0,0,0,0,6120,-73
893,1788.07,0,0,0,0,6120,-73
894,1790.05,0,0,0,0,6121,-72
895,1792.05,0,0,0,0,6121,-71
896,1794.05,0,0,0,0,6122,-71
897,1796.05,0,0,0,0,6122,-70
898,1798.07,0,0,0,0,6122,-69
899,1800.05,0,0,0,0,6123,-68
900,1802.04,0,0,0,0,6123,-68
901,1804.05,0,0,0,0,6124,-67
902,1806.06,0,0,0,0,6124,-66
903,1808.06,0,0,0,0,6124,-65
904,1810.09,0,0,0,0,6125,-65
905,1812.05,0,0,0,0,6125,-64
906,1814.06,0,0,0,0,6126,-63
907,1816.10,0,0,0,0,6126,-62
908,1818.08,0,0,0,0,6126,-61
909,1820.08,0,0,0,0,6127,-61
910,1822.08,0,0,0,0,6127,-60
911,1824.06,0,0,0,0,6128,-59
912,1826.06,0,0,0,0,6128,-58
913,1828.06,0,0,0,0,6129,-57
914,1830.08,0,0,0,0,6129,-56
915,1832.06,0,0,0,0,6129,-55
916,1834.06,0,0,0,0,6130,-54
917,1836.05,0,0,0,0,6130,-53
918,1838.06,0,0,0,0,6131,-52
919,1840.07,0,0,0,0,6131,-51
920,1842.07,0,0,0,0,6131,-50
921,1844.06,0,0,0,0,6132,-49
922,1846.08,0,0,0,0,6132,-48
923,1848.07,0,0,0,0,6133,-47
924,1850.07,0,0,0,0,6133,-46
925,1852.08,0,0,0,0,6133,-45
926,1854.07,0,0,0,0,6134,-44
927,1856.06,0,0,0,0,6134,-43
928,1858.05,0,0,0,0,6135,-42
929,1860.06,0,0,0,0,6135,-41
930,1862.05,0,0,0,0,6136,-40
931,1864.07,0,0,0,0,6136,-39
932,1866.06,0,0,0,0,6136,-38
933,1868.07,0,0,0,0,6137,-36
934,1870.06,0,0,0,0,6137,-35
935,1872.06,0,0,0,0,6138,-34
936,1874.06,0,0,0,0,6138,-33
937,1876.07,0,0,0,0,6138,-32
938,1878.05,0,0,0,0,6139,-31
939,1880.06,0,0,0,0,6139,-30
940,1882.06,0,0,0,0,6140,-28
941,1884.09,0,0,0,0,6140,-27
942,1886.08,0,0,0,0,6140,-26
943,1888.06,0,0,0,0,6141,-25
944,1890.06,0,0,0,0,6141,-24
945,1892.05,0,0,0,0,6142,-22
946,1894.06,0,0,0,0,6142,-21
947,1896.05,0,0,0,0,6143,-20
948,1898.04,0,0,0,0,6143,-19
949,1900.05,0,0,0,0,6143,-17
950,1902.05,0,0,0,0,5888,-16
951,1904.05,0,0,0,0,5888,-15
952,1906.05,0,0,0,0,5889,-14
953,1908.05,0,0,0,0,5889,-12
954,1910.04,0,0,0,0,5889,-11
955,1912.10,0,0,0,0,5890,-10
956,1914.08,0,0,0,0,5890,-9
957,1916.07,0,0,0,0,5891,-7
958,1918.06,0,0,0,0,5891,-6
959,1920.07,0,0,0,0,5891,-5
960,1922.06,0,0,0,0,5892,-4
961,1924.07,0,0,0,0,5892,-3
962,1926.06,0,0,0,0,5893,-1
963,1928.07,0,0,0,0,5893,0
964,1930.07,0,0,0,0,5894,1
965,1932.06,0,0,0,0,5894,3
966,1934.07,0,0,0,0,5894,4
967,1936.07,0,0,0,0,5895,5
968,1938.05,0,0,0,0,5895,6
969,1940.06,0,0,0,0,5896,8
970,1942.06,0,0,0,0,5896,9
971,1944.08,0,0,0,0,5896,10
972,1946.07,0,0,0,0,5897,11
973,1948.07,0,0,0,0,5897,12
974,1950.08,0,0,0,0,5898,14
975,1952.08,0,0,0,0,5898,15
976,1954.10,0,0,0,0,5898,16
977,1956.06,0,0,0,0,5899,17
978,1958.05,0,0,0,0,5899,19
979,1960.04,0,0,0,0,5900,20
980,1962.05,0,0,0,0,5900,21
981,1964.08,0,0,0,0,5901,22
982,1966.07,0,0,0,0,5901,24
983,1968.06,0,0,0,0,5901,25
984,1970.06,0,0,0,0,5902,26
985,1972.10,0,0,0,0,5902,27
986,1974.07,0,0,0,0,5903,28
987,1976.05,0,0,0,0,5903,29
988,1978.06,0,0,0,0,5903,31
989,1980.05,0,0,0,0,5904,32
990,1982.06,0,0,0,0,5904,33
991,1984.07,0,0,0,0,5905,34
992,1986.11,0,0,0,0,5905,35
993,1988.08,0,0,0,0,5905,36
994,1990.06,0,0,0,0,5906,37
995,1992.06,0,0,0,0,5906,39
996,1994.05,0,0,0,0,5907,40
997,1996.06,0,0,0,0,5907,41
998,1998.06,0,0,0,0,5908,42
999,2000.06,0,0,0,0,5908,43
