Time [s],Channel 0,Channel 1
-3.953325640,0,1
-3.952235920,0,0
-3.950237000,0,1
-3.948238960,0,0
-3.946240000,0,1
-3.944241920,0,0
-3.942242960,0,1
-3.940244880,0,0
-3.938245920,0,1
-3.936247840,0,0
-3.934248880,0,1
-3.932250800,0,0
-3.930251800,0,1
-3.928253680,0,0
-3.926254760,0,1
-3.924256640,0,0
-3.922257720,0,1
-3.920259680,0,0
-3.918260720,0,1
-3.916262640,0,0
-3.914263680,0,1
-3.912265600,0,0
-3.910266640,0,1
-3.908268560,0,0
-3.906269600,0,1
-3.904271520,0,0
-3.902272560,0,1
-3.900274480,0,0
-3.898275520,0,1
-3.896277360,0,0
-3.894278440,0,1
-3.892280320,0,0
-3.890281400,0,1
-3.888283360,0,0
-3.886284400,0,1
-3.884286320,0,0
-3.882287360,0,1
-3.880289280,0,0
-3.878290320,0,1
-3.876292240,0,0
-3.874293280,0,1
-3.872291840,0,0
-3.870296240,0,1
-3.868298160,0,0
-3.866299200,0,1
-3.864301040,0,0
-3.862302120,0,1
-3.860304000,0,0
-3.858305080,0,1
-3.856306960,0,0
-3.854308040,0,1
-3.852309920,0,0
-3.850311000,0,1
-3.848312960,0,0
-3.846314000,0,1
-3.844315920,0,0
-3.842316960,0,1
-3.840318880,0,0
-3.838319920,0,1
-3.836321760,0,0
-3.834322840,0,1
-3.832324720,0,0
-3.830325800,0,1
-3.828327680,0,0
-3.826328760,0,1
-3.824330640,0,0
-3.822331720,0,1
-3.820333600,0,0
-3.818334680,0,1
-3.816336640,0,0
-3.814337680,0,1
-3.812339600,0,0
-3.810340640,0,1
-3.808342560,0,0
-3.806343600,0,1
-3.804345520,0,0
-3.802346520,0,1
-3.800348400,0,0
-3.798349480,0,1
-3.796351360,0,0
-3.794352440,0,1
-3.792354320,0,0
-3.790355400,0,1
-3.788357360,0,0
-3.786358360,0,1
-3.784360320,0,0
-3.782361360,0,1
-3.780363280,0,0
-3.778364320,0,1
-3.776366240,0,0
-3.774367280,0,1
-3.772369200,0,0
-3.770370240,0,1
-3.768372160,0,0
-3.766373200,0,1
-3.764375040,0,0
-3.762376120,0,1
-3.760378000,0,0
-3.758379080,0,1
-3.756381040,0,0
-3.754382080,0,1
-3.752384000,0,0
-3.750385040,0,1
-3.748386960,0,0
-3.746388000,0,1
-3.744386560,0,0
-3.742390960,0,1
-3.740392880,0,0
-3.738393920,0,1
-3.736395840,0,0
-3.734396880,0,1
-3.732398720,0,0
-3.730399800,0,1
-3.728401680,0,0
-3.726402760,0,1
-3.724404640,0,0
-3.722405720,0,1
-3.720407600,0,0
-3.718408680,0,1
-3.716410640,0,0
-3.714411680,0,1
-3.712413600,0,0
-3.710414640,0,1
-3.708416560,0,0
-3.706417600,0,1
-3.704419440,0,0
-3.702420520,0,1
-3.700422400,0,0
-3.698423480,0,1
-3.696425360,0,0
-3.694426440,0,1
-3.692428320,0,0
-3.690429400,0,1
-3.688431280,0,0
-3.686432360,0,1
-3.684434320,0,0
-3.682435360,0,1
-3.680437280,0,0
-3.678438320,0,1
-3.676440240,0,0
-3.674441280,0,1
-3.672443120,0,0
-3.670444200,0,1
-3.668446080,0,0
-3.666447160,0,1
-3.664449040,0,0
-3.662450120,0,1
-3.660452000,0,0
-3.658453080,0,1
-3.656454960,0,0
-3.654456040,0,1
-3.652458000,0,0
-3.650459040,0,1
-3.648460960,0,0
-3.646462000,0,1
-3.644463920,0,0
-3.642464960,0,1
-3.640466880,0,0
-3.638467920,0,1
-3.636469840,0,0
-3.634470880,0,1
-3.632472720,0,0
-3.630473800,0,1
-3.628475680,0,0
-3.626476760,0,1
-3.624478720,0,0
-3.622479760,0,1
-3.620481680,0,0
-3.618482720,0,1
-3.616481280,0,0
-3.614485680,0,1
-3.612487600,0,0
-3.610488640,0,1
-3.608490560,0,0
-3.606491600,0,1
-3.604493520,0,0
-3.602494560,0,1
-3.600496400,0,0
-3.598497480,0,1
-3.596499360,0,0
-3.594500440,0,1
-3.592502320,0,0
-3.590503400,0,1
-3.588505360,0,0
-3.586506400,0,1
-3.584508320,0,0
-3.582509360,0,1
-3.580511280,0,0
-3.578512320,0,1
-3.576514240,0,0
-3.574515280,0,1
-3.572517200,0,0
-3.570518240,0,1
-3.568520080,0,0
-3.566521160,0,1
-3.564523040,0,0
-3.562524120,0,1
-3.560526000,0,0
-3.558527080,0,1
-3.556528960,0,0
-3.554530040,0,1
-3.552532000,0,0
-3.550533040,0,1
-3.548534960,0,0
-3.546536000,0,1
-3.544537920,0,0
-3.542538960,0,1
-3.540540800,0,0
-3.538541880,0,1
-3.536543760,0,0
-3.534544840,0,1
-3.532546720,0,0
-3.530547800,0,1
-3.528549680,0,0
-3.526550760,0,1
-3.524552640,0,0
-3.522553720,0,1
-3.520555680,0,0
-3.518556720,0,1
-3.516558640,0,0
-3.514559680,0,1
-3.512561600,0,0
-3.510562640,0,1
-3.508564560,0,0
-3.506565600,0,1
-3.504567440,0,0
-3.502568520,0,1
-3.500570400,0,0
-3.498571480,0,1
-3.496573360,0,0
-3.494574440,0,1
-3.492576400,0,0
-3.490577440,0,1
-3.488576120,0,0
-3.486580400,0,1
-3.484582320,0,0
-3.482583360,0,1
-3.480585280,0,0
-3.478586320,0,1
-3.476588240,0,0
-3.474589280,0,1
-3.472591200,0,0
-3.470592240,0,1
-3.468594080,0,0
-3.466595160,0,1
-3.464597040,0,0
-3.462598120,0,1
-3.460600080,0,0
-3.458601120,0,1
-3.456603040,0,0
-3.454604080,0,1
-3.452606000,0,0
-3.450607040,0,1
-3.448608960,0,0
-3.446610000,0,1
-3.444611920,0,0
-3.442612960,0,1
-3.440614880,0,0
-3.438615920,0,1
-3.436617760,0,0
-3.434618840,0,1
-3.432620720,0,0
-3.430621800,0,1
-3.428623680,0,0
-3.426624760,0,1
-3.424626640,0,0
-3.422627720,0,1
-3.420629680,0,0
-3.418630720,0,1
-3.416632640,0,0
-3.414633680,0,1
-3.412635600,0,0
-3.410636640,0,1
-3.408638480,0,0
-3.406639560,0,1
-3.404641440,0,0
-3.402642520,0,1
-3.400644400,0,0
-3.398645480,0,1
-3.396647360,0,0
-3.394648440,0,1
-3.392650320,0,0
-3.390651400,0,1
-3.388653360,0,0
-3.386654400,0,1
-3.384656320,0,0
-3.382657360,0,1
-3.380659280,0,0
-3.378660320,0,1
-3.376662160,0,0
-3.374663240,0,1
-3.372665120,0,0
-3.370666200,0,1
-3.368668080,0,0
-3.366669160,0,1
-3.364671040,0,0
-3.362672120,0,1
-3.360670760,0,0
-3.358675080,0,1
-3.356677040,0,0
-3.354678080,0,1
-3.352680000,0,0
-3.350681040,0,1
-3.348682960,0,0
-3.346684000,0,1
-3.344685920,0,0
-3.342686960,0,1
-3.340688880,0,0
-3.338689920,0,1
-3.336691760,0,0
-3.334692840,0,1
-3.332694720,0,0
-3.330695800,0,1
-3.328697760,0,0
-3.326698800,0,1
-3.324700720,0,0
-3.322701760,0,1
-3.320703680,0,0
-3.318704720,0,1
-3.316706640,0,0
-3.314707680,0,1
-3.312709600,0,0
-3.310710640,0,1
-3.308712560,0,0
-3.306713600,0,1
-3.304715440,0,0
-3.302716520,0,1
-3.300718400,0,0
-3.298719480,0,1
-3.296721360,0,0
-3.294722440,0,1
-3.292724320,0,0
-3.290725440,0,1
-3.288727360,0,0
-3.286728400,0,1
-3.284730320,0,0
-3.282731360,0,1
-3.280733280,0,0
-3.278734320,0,1
-3.276736160,0,0
-3.274737280,0,1
-3.272739120,0,0
-3.270740200,0,1
-3.268742080,0,0
-3.266743160,0,1
-3.264745040,0,0
-3.262746120,0,1
-3.260748000,0,0
-3.258749080,0,1
-3.256751040,0,0
-3.254752080,0,1
-3.252754000,0,0
-3.250755040,0,1
-3.248756960,0,0
-3.246758000,0,1
-3.244759840,0,0
-3.242760920,0,1
-3.240762800,0,0
-3.238763880,0,1
-3.236765760,0,0
-3.234766840,0,1
-3.232765480,0,0
-3.230769800,0,1
-3.228771680,0,0
-3.226772760,0,1
-3.224774720,0,0
-3.222775760,0,1
-3.220777680,0,0
-3.218778720,0,1
-3.216780640,0,0
-3.214781680,0,1
-3.212783600,0,0
-3.210784640,0,1
-3.208786560,0,0
-3.206787600,0,1
-3.204789440,0,0
-3.202790520,0,1
-3.200792400,0,0
-3.198793480,0,1
-3.196795440,0,0
-3.194796480,0,1
-3.192798400,0,0
-3.190799440,0,1
-3.188801360,0,0
-3.186802400,0,1
-3.184804320,0,0
-3.182805360,0,1
-3.180807280,0,0
-3.178808320,0,1
-3.176810240,0,0
-3.174811280,0,1
-3.172813120,0,0
-3.170814200,0,1
-3.168816080,0,0
-3.166817160,0,1
-3.164819040,0,0
-3.162820160,0,1
-3.160822080,0,0
-3.158823120,0,1
-3.156825040,0,0
-3.154826080,0,1
-3.152828000,0,0
-3.150829040,0,1
-3.148830960,0,0
-3.146832000,0,1
-3.144833920,0,0
-3.142834960,0,1
-3.140836800,0,0
-3.138837880,0,1
-3.136839760,0,0
-3.134840840,0,1
-3.132842720,0,0
-3.130843800,0,1
-3.128845680,0,0
-3.126846760,0,1
-3.124848720,0,0
-3.122849760,0,1
-3.120851680,0,0
-3.118852720,0,1
-3.116854640,0,0
-3.114855680,0,1
-3.112857520,0,0
-3.110858600,0,1
-3.108860480,0,0
-3.106861560,0,1
-3.104860200,0,0
-3.102864520,0,1
-3.100866400,0,0
-3.098867480,0,1
-3.096869360,0,0
-3.094870440,0,1
-3.092872400,0,0
-3.090873440,0,1
-3.088875360,0,0
-3.086876400,0,1
-3.084878320,0,0
-3.082879360,0,1
-3.080881280,0,0
-3.078882320,0,1
-3.076884160,0,0
-3.074885200,0,1
-3.072887120,0,0
-3.070888160,0,1
-3.068890080,0,0
-3.066891120,0,1
-3.064893120,0,0
-3.062894160,0,1
-3.060896080,0,0
-3.058897120,0,1
-3.056899040,0,0
-3.054900080,0,1
-3.052902000,0,0
-3.050903040,0,1
-3.048904960,0,0
-3.046906000,0,1
-3.044907920,0,0
-3.042908960,0,1
-3.040910800,0,0
-3.038911840,0,1
-3.036913760,0,0
-3.034914800,0,1
-3.032916800,0,0
-3.030917840,0,1
-3.028919760,0,0
-3.026920800,0,1
-3.024922720,0,0
-3.022923760,0,1
-3.020925680,0,0
-3.018926720,0,1
-3.016928640,0,0
-3.014929680,0,1
-3.012931600,0,0
-3.010932640,0,1
-3.008934480,0,0
-3.006935520,0,1
-3.004937440,0,0
-3.002938480,0,1
-3.000940400,0,0
-2.998941440,0,1
-2.996943360,0,0
-2.994944400,0,1
-2.992946400,0,0
-2.990947440,0,1
-2.988949360,0,0
-2.986950400,0,1
-2.984952320,0,0
-2.982953360,0,1
-2.980955200,0,0
-2.978956240,0,1
-2.976954920,0,0
-2.974959200,0,1
-2.972961120,0,0
-2.970962160,0,1
-2.968964080,0,0
-2.966965120,0,1
-2.964967040,0,0
-2.962968080,0,1
-2.960970080,0,0
-2.958971120,0,1
-2.956973040,0,0
-2.954974080,0,1
-2.952976000,0,0
-2.950977040,0,1
-2.948978880,0,0
-2.946979920,0,1
-2.944981840,0,0
-2.942982880,0,1
-2.940984800,0,0
-2.938985840,0,1
-2.936987760,0,0
-2.934988800,0,1
-2.932990720,0,0
-2.930991760,0,1
-2.928993760,0,0
-2.926994800,0,1
-2.924996720,0,0
-2.922997760,0,1
-2.920999680,0,0
-2.919000720,0,1
-2.917002640,0,0
-2.915003680,0,1
-2.913005600,0,0
-2.911006640,0,1
-2.909008480,0,0
-2.907009520,0,1
-2.905011440,0,0
-2.903012520,0,1
-2.901014480,0,0
-2.899015520,0,1
-2.897017440,0,0
-2.895018480,0,1
-2.893020400,0,0
-2.891021440,0,1
-2.889023360,0,0
-2.887024400,0,1
-2.885026320,0,0
-2.883027360,0,1
-2.881029280,0,0
-2.879030320,0,1
-2.877032160,0,0
-2.875033200,0,1
-2.873035120,0,0
-2.871036160,0,1
-2.869038080,0,0
-2.867039160,0,1
-2.865041120,0,0
-2.863042160,0,1
-2.861044080,0,0
-2.859045120,0,1
-2.857047040,0,0
-2.855048080,0,1
-2.853050000,0,0
-2.851051040,0,1
-2.849049640,0,0
-2.847054000,0,1
-2.845055840,0,0
-2.843056880,0,1
-2.841058800,0,0
-2.839059840,0,1
-2.837061760,0,0
-2.835062800,0,1
-2.833064720,0,0
-2.831065760,0,1
-2.829067760,0,0
-2.827068800,0,1
-2.825070720,0,0
-2.823071760,0,1
-2.821073680,0,0
-2.819074720,0,1
-2.817076560,0,0
-2.815077600,0,1
-2.813079520,0,0
-2.811080560,0,1
-2.809082480,0,0
-2.807083520,0,1
-2.805085440,0,0
-2.803086480,0,1
-2.801088400,0,0
-2.799089440,0,1
-2.797091440,0,0
-2.795092480,0,1
-2.793094400,0,0
-2.791095440,0,1
-2.789097360,0,0
-2.787098400,0,1
-2.785100320,0,0
-2.783101360,0,1
-2.781103280,0,0
-2.779104240,0,1
-2.777106160,0,0
-2.775107200,0,1
-2.773109120,0,0
-2.771110160,0,1
-2.769112160,0,0
-2.767113200,0,1
-2.765115120,0,0
-2.763116160,0,1
-2.761118080,0,0
-2.759119120,0,1
-2.757121040,0,0
-2.755122080,0,1
-2.753124000,0,0
-2.751125040,0,1
-2.749126960,0,0
-2.747128000,0,1
-2.745129840,0,0
-2.743130880,0,1
-2.741132800,0,0
-2.739133840,0,1
-2.737135840,0,0
-2.735136880,0,1
-2.733138800,0,0
-2.731139840,0,1
-2.729141760,0,0
-2.727142800,0,1
-2.725144720,0,0
-2.723145760,0,1
-2.721144280,0,0
-2.719148720,0,1
-2.717150640,0,0
-2.715151680,0,1
-2.713153520,0,0
-2.711154560,0,1
-2.709156480,0,0
-2.707157520,0,1
-2.705159440,0,0
-2.703160480,0,1
-2.701162400,0,0
-2.699163440,0,1
-2.697165440,0,0
-2.695166480,0,1
-2.693168400,0,0
-2.691169440,0,1
-2.689171360,0,0
-2.687172400,0,1
-2.685174240,0,0
-2.683175280,0,1
-2.681177200,0,0
-2.679178280,0,1
-2.677180160,0,0
-2.675181200,0,1
-2.673183120,0,0
-2.671184160,0,1
-2.669186080,0,0
-2.667187160,0,1
-2.665189120,0,0
-2.663190160,0,1
-2.661192080,0,0
-2.659193120,0,1
-2.657195040,0,0
-2.655196080,0,1
-2.653198000,0,0
-2.651199000,0,1
-2.649200880,0,0
-2.647201960,0,1
-2.645203840,0,0
-2.643204920,0,1
-2.641206800,0,0
-2.639207880,0,1
-2.637209840,0,0
-2.635210840,0,1
-2.633212800,0,0
-2.631213840,0,1
-2.629215760,0,0
-2.627216800,0,1
-2.625218720,0,0
-2.623219760,0,1
-2.621221680,0,0
-2.619222720,0,1
-2.617224640,0,0
-2.615225680,0,1
-2.613227520,0,0
-2.611228600,0,1
-2.609230480,0,0
-2.607231560,0,1
-2.605233520,0,0
-2.603234560,0,1
-2.601236480,0,0
-2.599237520,0,1
-2.597239440,0,0
-2.595240480,0,1
-2.593239040,0,0
-2.591243440,0,1
-2.589245360,0,0
-2.587246400,0,1
-2.585248320,0,0
-2.583249360,0,1
-2.581251200,0,0
-2.579252280,0,1
-2.577254160,0,0
-2.575255240,0,1
-2.573257120,0,0
-2.571258200,0,1
-2.569260080,0,0
-2.567261160,0,1
-2.565263120,0,0
-2.563264160,0,1
-2.561266080,0,0
-2.559267120,0,1
-2.557269040,0,0
-2.555270080,0,1
-2.553271920,0,0
-2.551273000,0,1
-2.549274880,0,0
-2.547275960,0,1
-2.545277840,0,0
-2.543278920,0,1
-2.541280800,0,0
-2.539281880,0,1
-2.537283760,0,0
-2.535284840,0,1
-2.533286800,0,0
-2.531287840,0,1
-2.529289760,0,0
-2.527290800,0,1
-2.525292720,0,0
-2.523293760,0,1
-2.521295600,0,0
-2.519296680,0,1
-2.517298560,0,0
-2.515299640,0,1
-2.513301520,0,0
-2.511302600,0,1
-2.509304480,0,0
-2.507305560,0,1
-2.505307440,0,0
-2.503308520,0,1
-2.501310480,0,0
-2.499311520,0,1
-2.497313440,0,0
-2.495314480,0,1
-2.493316400,0,0
-2.491317440,0,1
-2.489319360,0,0
-2.487320400,0,1
-2.485322320,0,0
-2.483323360,0,1
-2.481325200,0,0
-2.479326280,0,1
-2.477328160,0,0
-2.475329240,0,1
-2.473331200,0,0
-2.471332240,0,1
-2.469334160,0,0
-2.467335200,0,1
-2.465333760,0,0
-2.463338160,0,1
-2.461340080,0,0
-2.459341120,0,1
-2.457343040,0,0
-2.455344080,0,1
-2.453346000,0,0
-2.451347040,0,1
-2.449348880,0,0
-2.447349960,0,1
-2.445351840,0,0
-2.443352920,0,1
-2.441354800,0,0
-2.439355880,0,1
-2.437357840,0,0
-2.435358880,0,1
-2.433360800,0,0
-2.431361840,0,1
-2.429363760,0,0
-2.427364800,0,1
-2.425366720,0,0
-2.423367760,0,1
-2.421369680,0,0
-2.419370720,0,1
-2.417372560,0,0
-2.415373640,0,1
-2.413375520,0,0
-2.411376600,0,1
-2.409378480,0,0
-2.407379560,0,1
-2.405381440,0,0
-2.403382520,0,1
-2.401384480,0,0
-2.399385520,0,1
-2.397387440,0,0
-2.395388480,0,1
-2.393390400,0,0
-2.391391440,0,1
-2.389393280,0,0
-2.387394360,0,1
-2.385396240,0,0
-2.383397320,0,1
-2.381399200,0,0
-2.379400280,0,1
-2.377402160,0,0
-2.375403240,0,1
-2.373405120,0,0
-2.371406200,0,1
-2.369408160,0,0
-2.367409200,0,1
-2.365411120,0,0
-2.363412160,0,1
-2.361414080,0,0
-2.359415120,0,1
-2.357417040,0,0
-2.355418080,0,1
-2.353419960,0,0
-2.351421000,0,1
-2.349422920,0,0
-2.347423960,0,1
-2.345425880,0,0
-2.343426920,0,1
-2.341428880,0,0
-2.339429920,0,1
-2.337428600,0,0
-2.335432880,0,1
-2.333434800,0,0
-2.331435840,0,1
-2.329437760,0,0
-2.327438800,0,1
-2.325440720,0,0
-2.323441760,0,1
-2.321443680,0,0
-2.319444720,0,1
-2.317446600,0,0
-2.315447640,0,1
-2.313449560,0,0
-2.311450600,0,1
-2.309452560,0,0
-2.307453600,0,1
-2.305455520,0,0
-2.303456560,0,1
-2.301458480,0,0
-2.299459520,0,1
-2.297461440,0,0
-2.295462480,0,1
-2.293464400,0,0
-2.291465440,0,1
-2.289467360,0,0
-2.287468400,0,1
-2.285470280,0,0
-2.283471320,0,1
-2.281473240,0,0
-2.279474280,0,1
-2.277476200,0,0
-2.275477240,0,1
-2.273479160,0,0
-2.271480200,0,1
-2.269482160,0,0
-2.267483200,0,1
-2.265485120,0,0
-2.263486160,0,1
-2.261488080,0,0
-2.259489120,0,1
-2.257491000,0,0
-2.255492040,0,1
-2.253493960,0,0
-2.251495000,0,1
-2.249496920,0,0
-2.247497960,0,1
-2.245499880,0,0
-2.243500920,0,1
-2.241502840,0,0
-2.239503880,0,1
-2.237505840,0,0
-2.235506880,0,1
-2.233508800,0,0
-2.231509840,0,1
-2.229511760,0,0
-2.227512800,0,1
-2.225514680,0,0
-2.223515720,0,1
-2.221517640,0,0
-2.219518680,0,1
-2.217520600,0,0
-2.215521640,0,1
-2.213523560,0,0
-2.211524600,0,1
-2.209523240,0,0
-2.207527560,0,1
-2.205529520,0,0
-2.203530560,0,1
-2.201532480,0,0
-2.199533560,0,1
-2.197535440,0,0
-2.195536480,0,1
-2.193538400,0,0
-2.191539440,0,1
-2.189541360,0,0
-2.187542440,0,1
-2.185544280,0,0
-2.183545320,0,1
-2.181547240,0,0
-2.179548280,0,1
-2.177550240,0,0
-2.175551280,0,1
-2.173553200,0,0
-2.171554240,0,1
-2.169556160,0,0
-2.167557200,0,1
-2.165559120,0,0
-2.163560160,0,1
-2.161562080,0,0
-2.159563120,0,1
-2.157565040,0,0
-2.155566120,0,1
-2.153567960,0,0
-2.151569000,0,1
-2.149570920,0,0
-2.147571960,0,1
-2.145573880,0,0
-2.143574920,0,1
-2.141576840,0,0
-2.139577920,0,1
-2.137579840,0,0
-2.135580920,0,1
-2.133582800,0,0
-2.131583880,0,1
-2.129585760,0,0
-2.127586840,0,1
-2.125588680,0,0
-2.123589800,0,1
-2.121591640,0,0
-2.119592680,0,1
-2.117594600,0,0
-2.115595640,0,1
-2.113597560,0,0
-2.111598600,0,1
-2.109600520,0,0
-2.107601560,0,1
-2.105603520,0,0
-2.103604600,0,1
-2.101606480,0,0
-2.099607560,0,1
-2.097609440,0,0
-2.095610520,0,1
-2.093612360,0,0
-2.091613400,0,1
-2.089615320,0,0
-2.087616360,0,1
-2.085618280,0,0
-2.083619320,0,1
-2.081617960,0,0
-2.079622280,0,1
-2.077624200,0,0
-2.075625240,0,1
-2.073627200,0,0
-2.071628280,0,1
-2.069630160,0,0
-2.067631240,0,1
-2.065633120,0,0
-2.063634200,0,1
-2.061636080,0,0
-2.059637160,0,1
-2.057639040,0,0
-2.055640120,0,1
-2.053641960,0,0
-2.051643000,0,1
-2.049644920,0,0
-2.047645960,0,1
-2.045647920,0,0
-2.043649000,0,1
-2.041650880,0,0
-2.039651960,0,1
-2.037653840,0,0
-2.035654920,0,1
-2.033656800,0,0
-2.031657880,0,1
-2.029659760,0,0
-2.027660840,0,1
-2.025662720,0,0
-2.023663800,0,1
-2.021665640,0,0
-2.019666680,0,1
-2.017668600,0,0
-2.015669640,0,1
-2.013671560,0,0
-2.011672680,0,1
-2.009674560,0,0
-2.007675640,0,1
-2.005677520,0,0
-2.003678600,0,1
-2.001680480,0,0
-1.999681560,0,1
-1.997683440,0,0
-1.995684520,0,1
-1.993686400,0,0
-1.991687480,0,1
-1.989689320,0,0
-1.987690360,0,1
-1.985692280,0,0
-1.983693320,0,1
-1.981695240,0,0
-1.979696280,0,1
-1.977698200,0,0
-1.975699240,0,1
-1.973701200,0,0
-1.971702280,0,1
-1.969704160,0,0
-1.967705240,0,1
-1.965707120,0,0
-1.963708200,0,1
-1.961710040,0,0
-1.959711080,0,1
-1.957713000,0,0
-1.955714040,0,1
-1.953712720,0,0
-1.951717000,0,1
-1.949718920,0,0
-1.947719960,0,1
-1.945721880,0,0
-1.943722920,0,1
-1.941724880,0,0
-1.939725960,0,1
-1.937727840,0,0
-1.935728920,0,1
-1.933730800,0,0
-1.931731880,0,1
-1.929733760,0,0
-1.927734840,0,1
-1.925736680,0,0
-1.923737720,0,1
-1.921739640,0,0
-1.919740680,0,1
-1.917742600,0,0
-1.915743640,0,1
-1.913745600,0,0
-1.911746680,0,1
-1.909748560,0,0
-1.907749640,0,1
-1.905751520,0,0
-1.903752600,0,1
-1.901754480,0,0
-1.899755560,0,1
-1.897757440,0,0
-1.895758520,0,1
-1.893760400,0,0
-1.891761480,0,1
-1.889763320,0,0
-1.887764360,0,1
-1.885766280,0,0
-1.883767320,0,1
-1.881769280,0,0
-1.879770360,0,1
-1.877772240,0,0
-1.875773320,0,1
-1.873775200,0,0
-1.871776280,0,1
-1.869778160,0,0
-1.867779240,0,1
-1.865781120,0,0
-1.863782200,0,1
-1.861784080,0,0
-1.859785160,0,1
-1.857787000,0,0
-1.855788040,0,1
-1.853789960,0,0
-1.851791000,0,1
-1.849792920,0,0
-1.847793960,0,1
-1.845795880,0,0
-1.843796920,0,1
-1.841798880,0,0
-1.839799960,0,1
-1.837801840,0,0
-1.835802920,0,1
-1.833804800,0,0
-1.831805880,0,1
-1.829807720,0,0
-1.827808760,0,1
-1.825807440,0,0
-1.823811720,0,1
-1.821813640,0,0
-1.819814680,0,1
-1.817816600,0,0
-1.815817640,0,1
-1.813819560,0,0
-1.811820600,0,1
-1.809822560,0,0
-1.807823640,0,1
-1.805825520,0,0
-1.803826600,0,1
-1.801828480,0,0
-1.799829560,0,1
-1.797831400,0,0
-1.795832440,0,1
-1.793834360,0,0
-1.791835400,0,1
-1.789837320,0,0
-1.787838360,0,1
-1.785840280,0,0
-1.783841320,0,1
-1.781843240,0,0
-1.779844280,0,1
-1.777846240,0,0
-1.775847320,0,1
-1.773849200,0,0
-1.771850280,0,1
-1.769852160,0,0
-1.767853240,0,1
-1.765855120,0,0
-1.763856200,0,1
-1.761858080,0,0
-1.759859160,0,1
-1.757861000,0,0
-1.755862040,0,1
-1.753863960,0,0
-1.751865000,0,1
-1.749866960,0,0
-1.747868040,0,1
-1.745869920,0,0
-1.743871000,0,1
-1.741872880,0,0
-1.739873960,0,1
-1.737875840,0,0
-1.735876920,0,1
-1.733878800,0,0
-1.731879880,0,1
-1.729881760,0,0
-1.727882840,0,1
-1.725884680,0,0
-1.723885720,0,1
-1.721887640,0,0
-1.719888680,0,1
-1.717890600,0,0
-1.715891640,0,1
-1.713893600,0,0
-1.711894680,0,1
-1.709896560,0,0
-1.707897640,0,1
-1.705899560,0,0
-1.703900600,0,1
-1.701902520,0,0
-1.699903560,0,1
-1.697902160,0,0
-1.695906520,0,1
-1.693908360,0,0
-1.691909400,0,1
-1.689911320,0,0
-1.687912360,0,1
-1.685914280,0,0
-1.683915320,0,1
-1.681917240,0,0
-1.679918280,0,1
-1.677920280,0,0
-1.675921320,0,1
-1.673923240,0,0
-1.671924280,0,1
-1.669926200,0,0
-1.667927240,0,1
-1.665929080,0,0
-1.663930120,0,1
-1.661932040,0,0
-1.659933080,0,1
-1.657935000,0,0
-1.655936040,0,1
-1.653937960,0,0
-1.651939000,0,1
-1.649940920,0,0
-1.647941960,0,1
-1.645943960,0,0
-1.643945000,0,1
-1.641946920,0,0
-1.639947960,0,1
-1.637949880,0,0
-1.635950920,0,1
-1.633952840,0,0
-1.631953880,0,1
-1.629955800,0,0
-1.627956760,0,1
-1.625958680,0,0
-1.623959720,0,1
-1.621961640,0,0
-1.619962680,0,1
-1.617964680,0,0
-1.615965720,0,1
-1.613967640,0,0
-1.611968680,0,1
-1.609970600,0,0
-1.607971640,0,1
-1.605973560,0,0
-1.603974600,0,1
-1.601976520,0,0
-1.599977560,0,1
-1.597979480,0,0
-1.595980520,0,1
-1.593982360,0,0
-1.591983400,0,1
-1.589985320,0,0
-1.587986360,0,1
-1.585988360,0,0
-1.583989400,0,1
-1.581991320,0,0
-1.579992360,0,1
-1.577994280,0,0
-1.575995320,0,1
-1.573997240,0,0
-1.571998280,0,1
-1.569996800,0,0
-1.568001240,0,1
-1.566003160,0,0
-1.564004200,0,1
-1.562006040,0,0
-1.560007080,0,1
-1.558009000,0,0
-1.556010040,0,1
-1.554011960,0,0
-1.552013000,0,1
-1.550014920,0,0
-1.548015960,0,1
-1.546017960,0,0
-1.544019000,0,1
-1.542020920,0,0
-1.540021960,0,1
-1.538023880,0,0
-1.536024920,0,1
-1.534026760,0,0
-1.532027800,0,1
-1.530029720,0,0
-1.528030760,0,1
-1.526032680,0,0
-1.524033720,0,1
-1.522035640,0,0
-1.520036680,0,1
-1.518038600,0,0
-1.516039640,0,1
-1.514041640,0,0
-1.512042680,0,1
-1.510044600,0,0
-1.508045640,0,1
-1.506047560,0,0
-1.504048600,0,1
-1.502050520,0,0
-1.500051480,0,1
-1.498053400,0,0
-1.496054440,0,1
-1.494056360,0,0
-1.492057400,0,1
-1.490059320,0,0
-1.488060360,0,1
-1.486062360,0,0
-1.484063320,0,1
-1.482065320,0,0
-1.480066360,0,1
-1.478068280,0,0
-1.476069320,0,1
-1.474071240,0,0
-1.472072280,0,1
-1.470074200,0,0
-1.468075240,0,1
-1.466077160,0,0
-1.464078200,0,1
-1.462080040,0,0
-1.460081080,0,1
-1.458083000,0,0
-1.456084080,0,1
-1.454086040,0,0
-1.452087080,0,1
-1.450089000,0,0
-1.448090040,0,1
-1.446091960,0,0
-1.444093000,0,1
-1.442091560,0,0
-1.440095960,0,1
-1.438097880,0,0
-1.436098920,0,1
-1.434100840,0,0
-1.432101880,0,1
-1.430103720,0,0
-1.428104800,0,1
-1.426106680,0,0
-1.424107760,0,1
-1.422109640,0,0
-1.420110720,0,1
-1.418112600,0,0
-1.416113680,0,1
-1.414115640,0,0
-1.412116680,0,1
-1.410118600,0,0
-1.408119640,0,1
-1.406121560,0,0
-1.404122600,0,1
-1.402124440,0,0
-1.400125520,0,1
-1.398127400,0,0
-1.396128480,0,1
-1.394130360,0,0
-1.392131440,0,1
-1.390133320,0,0
-1.388134400,0,1
-1.386136280,0,0
-1.384137360,0,1
-1.382139320,0,0
-1.380140360,0,1
-1.378142280,0,0
-1.376143320,0,1
-1.374145240,0,0
-1.372146280,0,1
-1.370148120,0,0
-1.368149200,0,1
-1.366151080,0,0
-1.364152160,0,1
-1.362154040,0,0
-1.360155120,0,1
-1.358157000,0,0
-1.356158080,0,1
-1.354159960,0,0
-1.352161040,0,1
-1.350163000,0,0
-1.348164040,0,1
-1.346165960,0,0
-1.344167000,0,1
-1.342168920,0,0
-1.340169960,0,1
-1.338171880,0,0
-1.336172920,0,1
-1.334174840,0,0
-1.332175880,0,1
-1.330177720,0,0
-1.328178800,0,1
-1.326180680,0,0
-1.324181760,0,1
-1.322183720,0,0
-1.320184760,0,1
-1.318186680,0,0
-1.316187720,0,1
-1.314186280,0,0
-1.312190680,0,1
-1.310192600,0,0
-1.308193640,0,1
-1.306195560,0,0
-1.304196600,0,1
-1.302198520,0,0
-1.300199560,0,1
-1.298201440,0,0
-1.296202480,0,1
-1.294204400,0,0
-1.292205440,0,1
-1.290207360,0,0
-1.288208400,0,1
-1.286210360,0,0
-1.284211400,0,1
-1.282213320,0,0
-1.280214360,0,1
-1.278216280,0,0
-1.276217320,0,1
-1.274219240,0,0
-1.272220280,0,1
-1.270222200,0,0
-1.268223240,0,1
-1.266225120,0,0
-1.264226160,0,1
-1.262228080,0,0
-1.260229120,0,1
-1.258231040,0,0
-1.256232080,0,1
-1.254234000,0,0
-1.252235040,0,1
-1.250237000,0,0
-1.248238080,0,1
-1.246239960,0,0
-1.244241040,0,1
-1.242242920,0,0
-1.240244000,0,1
-1.238245840,0,0
-1.236246880,0,1
-1.234248800,0,0
-1.232249840,0,1
-1.230251760,0,0
-1.228252800,0,1
-1.226254720,0,0
-1.224255760,0,1
-1.222257680,0,0
-1.220258720,0,1
-1.218260680,0,0
-1.216261760,0,1
-1.214263640,0,0
-1.212264720,0,1
-1.210266600,0,0
-1.208267680,0,1
-1.206269560,0,0
-1.204270640,0,1
-1.202272480,0,0
-1.200273520,0,1
-1.198275440,0,0
-1.196276480,0,1
-1.194278400,0,0
-1.192279440,0,1
-1.190281400,0,0
-1.188282480,0,1
-1.186281120,0,0
-1.184285440,0,1
-1.182287320,0,0
-1.180288400,0,1
-1.178290280,0,0
-1.176291360,0,1
-1.174293240,0,0
-1.172294320,0,1
-1.170296200,0,0
-1.168297280,0,1
-1.166299120,0,0
-1.164300160,0,1
-1.162302080,0,0
-1.160303120,0,1
-1.158305080,0,0
-1.156306160,0,1
-1.154308040,0,0
-1.152309120,0,1
-1.150311000,0,0
-1.148312080,0,1
-1.146313960,0,0
-1.144315040,0,1
-1.142316920,0,0
-1.140318000,0,1
-1.138319880,0,0
-1.136320960,0,1
-1.134322800,0,0
-1.132323840,0,1
-1.130325760,0,0
-1.128326800,0,1
-1.126328720,0,0
-1.124329760,0,1
-1.122331680,0,0
-1.120332720,0,1
-1.118334720,0,0
-1.116335760,0,1
-1.114337680,0,0
-1.112338720,0,1
-1.110340640,0,0
-1.108341680,0,1
-1.106343520,0,0
-1.104344560,0,1
-1.102346480,0,0
-1.100347520,0,1
-1.098349440,0,0
-1.096350480,0,1
-1.094352400,0,0
-1.092353440,0,1
-1.090355360,0,0
-1.088356400,0,1
-1.086358400,0,0
-1.084359440,0,1
-1.082361360,0,0
-1.080362400,0,1
-1.078364320,0,0
-1.076365360,0,1
-1.074367200,0,0
-1.072368240,0,1
-1.070370160,0,0
-1.068371200,0,1
-1.066373120,0,0
-1.064374160,0,1
-1.062376080,0,0
-1.060377120,0,1
-1.058375800,0,0
-1.056380080,0,1
-1.054382080,0,0
-1.052383120,0,1
-1.050385040,0,0
-1.048386080,0,1
-1.046388000,0,0
-1.044389040,0,1
-1.042390960,0,0
-1.040392000,0,1
-1.038393920,0,0
-1.036394960,0,1
-1.034396800,0,0
-1.032397840,0,1
-1.030399760,0,0
-1.028400800,0,1
-1.026402800,0,0
-1.024403840,0,1
-1.022405760,0,0
-1.020406800,0,1
-1.018408720,0,0
-1.016409760,0,1
-1.014411680,0,0
-1.012412720,0,1
-1.010414640,0,0
-1.008415680,0,1
-1.006417600,0,0
-1.004418640,0,1
-1.002420480,0,0
-1.000421520,0,1
-0.998423440,0,0
-0.996424480,0,1
-0.994426400,0,0
-0.992427440,0,1
-0.990429360,0,0
-0.988430480,0,1
-0.986432400,0,0
-0.984433440,0,1
-0.982435360,0,0
-0.980436400,0,1
-0.978438320,0,0
-0.976439360,0,1
-0.974441200,0,0
-0.972442320,0,1
-0.970444160,0,0
-0.968445200,0,1
-0.966447120,0,0
-0.964448160,0,1
-0.962450080,0,0
-0.960451120,0,1
-0.958453040,0,0
-0.956454080,0,1
-0.954456080,0,0
-0.952457120,0,1
-0.950459040,0,0
-0.948460080,0,1
-0.946462000,0,0
-0.944463040,0,1
-0.942464880,0,0
-0.940465920,0,1
-0.938467840,0,0
-0.936468880,0,1
-0.934470800,0,0
-0.932471840,0,1
-0.930470520,0,0
-0.928474800,0,1
-0.926476720,0,0
-0.924477760,0,1
-0.922479760,0,0
-0.920480800,0,1
-0.918482720,0,0
-0.916483760,0,1
-0.914485680,0,0
-0.912486720,0,1
-0.910488640,0,0
-0.908489680,0,1
-0.906491600,0,0
-0.904492640,0,1
-0.902494480,0,0
-0.900495520,0,1
-0.898497440,0,0
-0.896498480,0,1
-0.894500480,0,0
-0.892501520,0,1
-0.890503440,0,0
-0.888504480,0,1
-0.886506400,0,0
-0.884507440,0,1
-0.882509360,0,0
-0.880510400,0,1
-0.878512320,0,0
-0.876513360,0,1
-0.874515280,0,0
-0.872516320,0,1
-0.870518160,0,0
-0.868519200,0,1
-0.866521120,0,0
-0.864522160,0,1
-0.862524080,0,0
-0.860525200,0,1
-0.858527120,0,0
-0.856528160,0,1
-0.854530080,0,0
-0.852531120,0,1
-0.850533040,0,0
-0.848534080,0,1
-0.846536000,0,0
-0.844537040,0,1
-0.842538960,0,0
-0.840540000,0,1
-0.838541840,0,0
-0.836542880,0,1
-0.834544800,0,0
-0.832545840,0,1
-0.830547760,0,0
-0.828548800,0,1
-0.826550720,0,0
-0.824551760,0,1
-0.822553760,0,0
-0.820554800,0,1
-0.818556720,0,0
-0.816557760,0,1
-0.814559680,0,0
-0.812560720,0,1
-0.810562560,0,0
-0.808563600,0,1
-0.806565520,0,0
-0.804566560,0,1
-0.802565240,0,0
-0.800569520,0,1
-0.798571440,0,0
-0.796572480,0,1
-0.794574400,0,0
-0.792575440,0,1
-0.790577440,0,0
-0.788578480,0,1
-0.786580400,0,0
-0.784581440,0,1
-0.782583360,0,0
-0.780584400,0,1
-0.778586320,0,0
-0.776587360,0,1
-0.774589200,0,0
-0.772590280,0,1
-0.770592160,0,0
-0.768593240,0,1
-0.766595120,0,0
-0.764596200,0,1
-0.762598160,0,0
-0.760599200,0,1
-0.758601120,0,0
-0.756602160,0,1
-0.754604080,0,0
-0.752605120,0,1
-0.750607040,0,0
-0.748608080,0,1
-0.746610000,0,0
-0.744611040,0,1
-0.742612960,0,0
-0.740614000,0,1
-0.738615840,0,0
-0.736616920,0,1
-0.734618800,0,0
-0.732619880,0,1
-0.730621840,0,0
-0.728622880,0,1
-0.726624800,0,0
-0.724625840,0,1
-0.722627760,0,0
-0.720628800,0,1
-0.718630720,0,0
-0.716631760,0,1
-0.714633680,0,0
-0.712634720,0,1
-0.710636640,0,0
-0.708637680,0,1
-0.706639520,0,0
-0.704640600,0,1
-0.702642480,0,0
-0.700643560,0,1
-0.698645440,0,0
-0.696646520,0,1
-0.694648400,0,0
-0.692649480,0,1
-0.690651440,0,0
-0.688652480,0,1
-0.686654400,0,0
-0.684655440,0,1
-0.682657360,0,0
-0.680658400,0,1
-0.678660240,0,0
-0.676661320,0,1
-0.674659960,0,0
-0.672664280,0,1
-0.670666160,0,0
-0.668667240,0,1
-0.666669120,0,0
-0.664670200,0,1
-0.662672080,0,0
-0.660673160,0,1
-0.658675120,0,0
-0.656676160,0,1
-0.654678080,0,0
-0.652679120,0,1
-0.650681040,0,0
-0.648682080,0,1
-0.646683920,0,0
-0.644685000,0,1
-0.642686880,0,0
-0.640687960,0,1
-0.638689840,0,0
-0.636690920,0,1
-0.634692800,0,0
-0.632693880,0,1
-0.630695760,0,0
-0.628696840,0,1
-0.626698800,0,0
-0.624699840,0,1
-0.622701760,0,0
-0.620702800,0,1
-0.618704720,0,0
-0.616705760,0,1
-0.614707680,0,0
-0.612708720,0,1
-0.610710640,0,0
-0.608711680,0,1
-0.606713520,0,0
-0.604714600,0,1
-0.602716480,0,0
-0.600717560,0,1
-0.598719520,0,0
-0.596720560,0,1
-0.594722480,0,0
-0.592723520,0,1
-0.590725440,0,0
-0.588726480,0,1
-0.586728400,0,0
-0.584729440,0,1
-0.582731360,0,0
-0.580732400,0,1
-0.578734320,0,0
-0.576735360,0,1
-0.574737240,0,0
-0.572738280,0,1
-0.570740200,0,0
-0.568741240,0,1
-0.566743160,0,0
-0.564744200,0,1
-0.562746160,0,0
-0.560747200,0,1
-0.558749120,0,0
-0.556750160,0,1
-0.554752080,0,0
-0.552753120,0,1
-0.550755040,0,0
-0.548756080,0,1
-0.546754680,0,0
-0.544759040,0,1
-0.542760920,0,0
-0.540761960,0,1
-0.538763880,0,0
-0.536764920,0,1
-0.534766840,0,0
-0.532767880,0,1
-0.530769800,0,0
-0.528770840,0,1
-0.526772800,0,0
-0.524773840,0,1
-0.522775760,0,0
-0.520776800,0,1
-0.518778720,0,0
-0.516779800,0,1
-0.514781640,0,0
-0.512782680,0,1
-0.510784600,0,0
-0.508785640,0,1
-0.506787560,0,0
-0.504788600,0,1
-0.502790520,0,0
-0.500791560,0,1
-0.498793480,0,0
-0.496794520,0,1
-0.494796480,0,0
-0.492797560,0,1
-0.490799440,0,0
-0.488800520,0,1
-0.486802400,0,0
-0.484803480,0,1
-0.482805360,0,0
-0.480806440,0,1
-0.478808320,0,0
-0.476809320,0,1
-0.474811240,0,0
-0.472812280,0,1
-0.470814200,0,0
-0.468815240,0,1
-0.466817200,0,0
-0.464818280,0,1
-0.462820160,0,0
-0.460821240,0,1
-0.458823120,0,0
-0.456824200,0,1
-0.454826080,0,0
-0.452827160,0,1
-0.450829040,0,0
-0.448830120,0,1
-0.446832000,0,0
-0.444833080,0,1
-0.442834920,0,0
-0.440835960,0,1
-0.438837880,0,0
-0.436838920,0,1
-0.434840880,0,0
-0.432841960,0,1
-0.430843840,0,0
-0.428844920,0,1
-0.426846800,0,0
-0.424847880,0,1
-0.422849760,0,0
-0.420850840,0,1
-0.418849360,0,0
-0.416853800,0,1
-0.414855680,0,0
-0.412856760,0,1
-0.410858600,0,0
-0.408859640,0,1
-0.406861560,0,0
-0.404862600,0,1
-0.402864520,0,0
-0.400865560,0,1
-0.398867480,0,0
-0.396868520,0,1
-0.394870480,0,0
-0.392871560,0,1
-0.390873440,0,0
-0.388874520,0,1
-0.386876440,0,0
-0.384877480,0,1
-0.382879320,0,0
-0.380880360,0,1
-0.378882280,0,0
-0.376883320,0,1
-0.374885240,0,0
-0.372886280,0,1
-0.370888200,0,0
-0.368889240,0,1
-0.366891160,0,0
-0.364892200,0,1
-0.362894200,0,0
-0.360895240,0,1
-0.358897160,0,0
-0.356898200,0,1
-0.354900120,0,0
-0.352901160,0,1
-0.350903080,0,0
-0.348904040,0,1
-0.346905960,0,0
-0.344907000,0,1
-0.342908920,0,0
-0.340909960,0,1
-0.338911880,0,0
-0.336912920,0,1
-0.334914920,0,0
-0.332915880,0,1
-0.330917880,0,0
-0.328918920,0,1
-0.326920840,0,0
-0.324921880,0,1
-0.322923800,0,0
-0.320924840,0,1
-0.318926760,0,0
-0.316927800,0,1
-0.314929720,0,0
-0.312930760,0,1
-0.310932600,0,0
-0.308933640,0,1
-0.306935560,0,0
-0.304936600,0,1
-0.302938600,0,0
-0.300939640,0,1
-0.298941560,0,0
-0.296942600,0,1
-0.294944520,0,0
-0.292945560,0,1
-0.290944080,0,0
-0.288948520,0,1
-0.286950440,0,0
-0.284951480,0,1
-0.282953400,0,0
-0.280954440,0,1
-0.278956280,0,0
-0.276957360,0,1
-0.274959240,0,0
-0.272960320,0,1
-0.270962200,0,0
-0.268963280,0,1
-0.266965160,0,0
-0.264966240,0,1
-0.262968200,0,0
-0.260969240,0,1
-0.258971160,0,0
-0.256972200,0,1
-0.254974120,0,0
-0.252975160,0,1
-0.250977000,0,0
-0.248978080,0,1
-0.246979960,0,0
-0.244981040,0,1
-0.242982920,0,0
-0.240984000,0,1
-0.238985880,0,0
-0.236986960,0,1
-0.234988840,0,0
-0.232989920,0,1
-0.230991880,0,0
-0.228992920,0,1
-0.226994840,0,0
-0.224995880,0,1
-0.222997800,0,0
-0.220998840,0,1
-0.219000720,0,0
-0.217001760,0,1
-0.215003680,0,0
-0.213004720,0,1
-0.211006640,0,0
-0.209007680,0,1
-0.207009600,0,0
-0.205010640,0,1
-0.203012560,0,0
-0.201013600,0,1
-0.199015560,0,0
-0.197016600,0,1
-0.195018520,0,0
-0.193019560,0,1
-0.191021480,0,0
-0.189022520,0,1
-0.187024440,0,0
-0.185025480,0,1
-0.183027400,0,0
-0.181028440,0,1
-0.179030320,0,0
-0.177031360,0,1
-0.175033280,0,0
-0.173034320,0,1
-0.171036280,0,0
-0.169037320,0,1
-0.167039240,0,0
-0.165040280,0,1
-0.163038840,0,0
-0.161043240,0,1
-0.159045160,0,0
-0.157046240,0,1
-0.155048120,0,0
-0.153049200,0,1
-0.151051080,0,0
-0.149052160,0,1
-0.147054000,0,0
-0.145055040,0,1
-0.143056960,0,0
-0.141058000,0,1
-0.139059920,0,0
-0.137060960,0,1
-0.135062920,0,0
-0.133064000,0,1
-0.131065880,0,0
-0.129066960,0,1
-0.127068840,0,0
-0.125069920,0,1
-0.123071800,0,0
-0.121072880,0,1
-0.119074760,0,0
-0.117075840,0,1
-0.115077680,0,0
-0.113078720,0,1
-0.111080640,0,0
-0.109081680,0,1
-0.107083600,0,0
-0.105084640,0,1
-0.103086560,0,0
-0.101087600,0,1
-0.099089560,0,0
-0.097090640,0,1
-0.095092520,0,0
-0.093093600,0,1
-0.091095480,0,0
-0.089096560,0,1
-0.087098400,0,0
-0.085099440,0,1
-0.083101360,0,0
-0.081102400,0,1
-0.079104320,0,0
-0.077105360,0,1
-0.075107280,0,0
-0.073108320,0,1
-0.071110240,0,0
-0.069111280,0,1
-0.067113280,0,0
-0.065114320,0,1
-0.063116240,0,0
-0.061117280,0,1
-0.059119200,0,0
-0.057120240,0,1
-0.055122160,0,0
-0.053123200,0,1
-0.051125040,0,0
-0.049126080,0,1
-0.047128000,0,0
-0.045129040,0,1
-0.043130960,0,0
-0.041132000,0,1
-0.039134000,0,0
-0.037135040,0,1
-0.035133680,0,0
-0.033138000,0,1
-0.031139920,0,0
-0.029140960,0,1
-0.027142880,0,0
-0.025143920,0,1
-0.023145840,0,0
-0.021146880,0,1
-0.019148800,0,0
-0.017149840,0,1
-0.015151680,0,0
-0.013152720,0,1
-0.011154640,0,0
-0.008436280,0,1
-0.006438200,0,0
-0.004435880,0,1
-0.002441160,0,0
-0.000442200,0,1
0.000000000,1,1
0.001556120,1,0
0.001676680,0,0
0.003556400,0,1
0.003847360,1,1
0.005553160,1,0
0.005844880,0,0
0.007552120,0,1
0.007843760,1,1
0.009550200,1,0
0.009845640,0,0
0.011549200,0,1
0.011844880,1,1
0.013547280,1,0
0.013872160,0,0
0.015546200,0,1
0.015677760,1,1
0.017544280,1,0
0.017678440,0,0
0.019543280,0,1
0.019677160,1,1
0.021541360,1,0
0.021676520,0,0
0.023540320,0,1
0.023675560,1,1
0.025538360,1,0
0.025673120,0,0
0.027537280,0,1
0.027750560,1,1
0.029535400,1,0
0.029756120,0,0
0.031534400,0,1
0.031750720,1,1
0.033532480,1,0
0.033748360,0,0
0.035531440,0,1
0.035749280,1,1
0.037529520,1,0
0.037760040,0,0
0.039530640,0,1
0.039754560,1,1
0.041530120,1,0
0.041753640,0,0
0.043526240,0,1
0.043750000,1,1
0.045527840,1,0
0.045752400,0,0
0.047522520,0,1
0.047768760,1,1
0.049520640,1,0
0.049773480,0,0
0.051523760,0,1
0.051780280,1,1
0.053527920,1,0
0.053784360,0,0
0.055528680,0,1
0.055785400,1,1
0.057514680,1,0
0.057692280,0,0
0.059513640,0,1
0.059615560,1,1
0.061511720,1,0
0.061710680,0,0
0.063510600,0,1
0.063614280,1,1
0.065508720,1,0
0.065706400,0,0
0.067507640,0,1
0.067618680,1,1
0.069505800,1,0
0.069713560,0,0
0.071504760,0,1
0.071618120,1,1
0.073502840,1,0
0.073710640,0,0
0.075501720,0,1
0.075618120,1,1
0.077518440,1,0
0.077761880,0,0
0.079498760,0,1
0.079632560,1,1
0.081496840,1,0
0.081731120,0,0
0.083495880,0,1
0.083600280,1,1
0.085493960,1,0
0.085646560,0,0
0.087492880,0,1
0.087729720,1,1
0.089491800,1,0
0.089729480,0,0
0.091489880,0,1
0.091726200,1,1
0.093487960,1,0
0.093723320,0,0
0.095486920,0,1
0.095721040,1,1
0.097485040,1,0
0.097602400,0,0
0.099489640,0,1
0.099706760,1,1
0.101482040,1,0
0.101588600,0,0
0.103480960,0,1
0.103627280,1,1
0.105479080,1,0
0.105674240,0,0
0.107478080,0,1
0.107611240,1,1
0.109476160,1,0
0.109649360,0,0
0.111492400,0,1
0.111736120,1,1
0.113473160,1,0
0.113606960,0,0
0.115472080,0,1
0.115705080,1,1
0.117470160,1,0
0.117594760,0,0
0.119469120,0,1
0.119641360,1,1
0.121467280,1,0
0.121571320,0,0
0.123469480,0,1
0.123610920,1,1
0.125464320,1,0
0.125704640,0,0
0.127463200,0,1
0.127587880,1,1
0.129461280,1,0
0.129633440,0,0
0.131460280,0,1
0.131564400,1,1
0.133458400,1,0
0.133606800,0,0
0.135459160,0,1
0.135699280,1,1
0.137455360,1,0
0.137584760,0,0
0.139454320,0,1
0.139679200,1,1
0.141452400,1,0
0.141557440,0,0
0.143451400,0,1
0.143595320,1,1
0.145449440,1,0
0.145687600,0,0
0.147448440,0,1
0.147567400,1,1
0.149446480,1,0
0.149613800,0,0
0.151462600,0,1
0.151706760,1,1
0.153443520,1,0
0.153578160,0,0
0.155442520,0,1
0.155628520,1,1
0.157440600,1,0
0.157563680,0,0
0.159439560,0,1
0.159593720,1,1
0.161437560,1,0
0.161632080,0,0
0.163436520,0,1
0.163546360,1,1
0.165434600,1,0
0.165571920,0,0
0.167433560,0,1
0.167542440,1,1
0.169431720,1,0
0.169584440,0,0
0.171430640,0,1
0.171628760,1,1
0.173428760,1,0
0.173553520,0,0
0.175427640,0,1
0.175593800,1,1
0.177425720,1,0
0.177530560,0,0
0.179424680,0,1
0.179571160,1,1
0.181422760,1,0
0.181661240,0,0
0.183421760,0,1
0.183530160,1,1
0.185419840,1,0
0.185570440,0,0
0.187418800,0,1
0.187661760,1,1
0.189416840,1,0
0.189532600,0,0
0.191415760,0,1
0.191577240,1,1
0.193425800,1,0
0.193669720,0,0
0.195412880,0,1
0.195551080,1,1
0.197410960,1,0
0.197565080,0,0
0.199409840,0,1
0.199551160,1,1
0.201407920,1,0
0.201534800,0,0
0.203406880,0,1
0.203518000,1,1
0.205404960,1,0
0.205506200,0,0
0.207403960,0,1
0.207547960,1,1
0.209402080,1,0
0.209640320,0,0
0.211400960,0,1
0.211509720,1,1
0.213399040,1,0
0.213547680,0,0
0.215398000,0,1
0.215637040,1,1
0.217396080,1,0
0.217527640,0,0
0.219395040,0,1
0.219630800,1,1
0.221393160,1,0
0.221500040,0,0
0.223392040,0,1
0.223540880,1,1
0.225390200,1,0
0.225630240,0,0
0.227389080,0,1
0.227507360,1,1
0.229387200,1,0
0.229553320,0,0
0.231399600,0,1
0.231642320,1,1
0.233384280,1,0
0.233512200,0,0
0.235391360,0,1
0.235938120,1,1
0.237381240,1,0
0.237678920,0,0
0.239380200,0,1
0.239515400,1,1
0.241378280,1,0
0.241558240,0,0
0.243377320,0,1
0.243482040,1,1
0.245375400,1,0
0.245522520,0,0
0.247382960,0,1
0.247631320,1,1
0.249372440,1,0
0.249582440,0,0
0.251374680,0,1
0.251481160,1,1
0.253369400,1,0
0.253525440,0,0
0.255368400,0,1
0.255570680,1,1
0.257366440,1,0
0.257598320,0,0
0.259365440,0,1
0.259599400,1,1
0.261363520,1,0
0.261602200,0,0
0.263362400,0,1
0.263601800,1,1
0.265362080,1,0
0.265603320,0,0
0.267359520,0,1
0.267465320,1,1
0.269357600,1,0
0.269511040,0,0
0.271356560,0,1
0.271554560,1,1
0.273355080,1,0
0.273600280,0,0
0.275353520,0,1
0.275475200,1,1
0.277351600,1,0
0.277521560,0,0
0.279350640,0,1
0.279528960,1,1
0.281348720,1,0
0.281531840,0,0
0.283347640,0,1
0.283534440,1,1
0.285345680,1,0
0.285536560,0,0
0.287344640,0,1
0.287467480,1,1
0.289342720,1,0
0.289509760,0,0
0.291341680,0,1
0.291552040,1,1
0.293354360,1,0
0.293599680,0,0
0.295338760,0,1
0.295475440,1,1
0.297336840,1,0
0.297541440,0,0
0.299341000,0,1
0.299585720,1,1
0.301333840,1,0
0.301461360,0,0
0.303332760,0,1
0.303507480,1,1
0.305333480,1,0
0.305551680,0,0
0.307329880,0,1
0.307436400,1,1
0.309327960,1,0
0.309485920,0,0
0.311326840,0,1
0.311528640,1,1
0.313327240,1,0
0.313573880,0,0
0.315323880,0,1
0.315444520,1,1
0.317322040,1,0
0.317501520,0,0
0.319321000,0,1
0.319556960,1,1
0.321319080,1,0
0.321430840,0,0
0.323317960,0,1
0.323475160,1,1
0.325316040,1,0
0.325520600,0,0
0.327330040,0,1
0.327573760,1,1
0.329313160,1,0
0.329450760,0,0
0.331312080,0,1
0.331499000,1,1
0.333310120,1,0
0.333545840,0,0
0.335309120,0,1
0.335422240,1,1
0.337307720,1,0
0.337527480,0,0
0.339306120,0,1
0.339410480,1,1
0.341304200,1,0
0.341456720,0,0
0.343303200,0,1
0.343507800,1,1
0.345307080,1,0
0.345550960,0,0
0.347300160,0,1
0.347434720,1,1
0.349298280,1,0
0.349489920,0,0
0.351297200,0,1
0.351534960,1,1
0.353295280,1,0
0.353411120,0,0
0.355294320,0,1
0.355457680,1,1
0.357292400,1,0
0.357527120,0,0
0.359291280,0,1
0.359401160,1,1
0.361289360,1,0
0.361444720,0,0
0.363288320,0,1
0.363486360,1,1
0.365287200,1,0
0.365531080,0,0
0.367285400,0,1
0.367410480,1,1
0.369283520,1,0
0.369454880,0,0
0.371282400,0,1
0.371497440,1,1
0.373299200,1,0
0.373543000,0,0
0.375279440,0,1
0.375416320,1,1
0.377277520,1,0
0.377479120,0,0
0.379279720,0,1
0.379523280,1,1
0.381274600,1,0
0.381397640,0,0
0.383273560,0,1
0.383442800,1,1
0.385271600,1,0
0.385495240,0,0
0.387270520,0,1
0.387387920,1,1
0.389268640,1,0
0.389434280,0,0
0.391267640,0,1
0.391481800,1,1
0.393280200,1,0
0.393527040,0,0
0.395264680,0,1
0.395401920,1,1
0.397262680,1,0
0.397453160,0,0
0.399261640,0,1
0.399499920,1,1
0.401259720,1,0
0.401372600,0,0
0.403258720,0,1
0.403418640,1,1
0.405256840,1,0
0.405464600,0,0
0.407271720,0,1
0.407516520,1,1
0.409253800,1,0
0.409391800,0,0
0.411252760,0,1
0.411442400,1,1
0.413250840,1,0
0.413487400,0,0
0.415249840,0,1
0.415362360,1,1
0.417247920,1,0
0.417412880,0,0
0.419246880,0,1
0.419456800,1,1
0.421256840,1,0
0.421502160,0,0
0.423243840,0,1
0.423377360,1,1
0.425241960,1,0
0.425420400,0,0
0.427240880,0,1
0.427475760,1,1
0.429239040,1,0
0.429352840,0,0
0.431238000,0,1
0.431394760,1,1
0.433236080,1,0
0.433438960,0,0
0.435240320,0,1
0.435486520,1,1
0.437233040,1,0
0.437374720,0,0
0.439232000,0,1
0.439419280,1,1
0.441230080,1,0
0.441466880,0,0
0.443229080,0,1
0.443343640,1,1
0.445227200,1,0
0.445387040,0,0
0.447226080,0,1
0.447438040,1,1
0.449238520,1,0
0.449482280,0,0
0.451223120,0,1
0.451359040,1,1
0.453221280,1,0
0.453401920,0,0
0.455220200,0,1
0.455455320,1,1
0.457218280,1,0
0.457336800,0,0
0.459217200,0,1
0.459384200,1,1
0.461215280,1,0
0.461426800,0,0
0.463226760,0,1
0.463472520,1,1
0.465212320,1,0
0.465356760,0,0
0.467211320,0,1
0.467405000,1,1
0.469209400,1,0
0.469448840,0,0
0.471208280,0,1
0.471324880,1,1
0.473206360,1,0
0.473369000,0,0
0.475205320,0,1
0.475413960,1,1
0.477203400,1,0
0.477308960,0,0
0.479202440,0,1
0.479357520,1,1
0.481200520,1,0
0.481406040,0,0
0.483207320,0,1
0.483451800,1,1
0.485197480,1,0
0.485327720,0,0
0.487196440,0,1
0.487378960,1,1
0.489194520,1,0
0.489429920,0,0
0.491193520,0,1
0.491304040,1,1
0.493191640,1,0
0.493353400,0,0
0.495190520,0,1
0.495399680,1,1
0.497202400,1,0
0.497449320,0,0
0.499187560,0,1
0.499322560,1,1
0.501185640,1,0
0.501369920,0,0
0.503184560,0,1
0.503420240,1,1
0.505182720,1,0
0.505294200,0,0
0.507184920,0,1
0.507357520,1,1
0.509183080,1,0
0.509403600,0,0
0.511178640,0,1
0.511284360,1,1
0.513176720,1,0
0.513330120,0,0
0.515175760,0,1
0.515378960,1,1
0.517183160,1,0
0.517429560,0,0
0.519172800,0,1
0.519306080,1,1
0.521170800,1,0
0.521351800,0,0
0.523169760,0,1
0.523405080,1,1
0.525167840,1,0
0.525282040,0,0
0.527166840,0,1
0.527338600,1,1
0.529168080,1,0
0.529386760,0,0
0.531163880,0,1
0.531268600,1,1
0.533161920,1,0
0.533314600,0,0
0.535160880,0,1
0.535356800,1,1
0.537164440,1,0
0.537408800,0,0
0.539157960,0,1
0.539286640,1,1
0.541156040,1,0
0.541331720,0,0
0.543159200,0,1
0.543376440,1,1
0.545153040,1,0
0.545260080,0,0
0.547151960,0,1
0.547321680,1,1
0.549150080,1,0
0.549367640,0,0
0.551167320,0,1
0.551413040,1,1
0.553147160,1,0
0.553288960,0,0
0.555146120,0,1
0.555334720,1,1
0.557144200,1,0
0.557385960,0,0
0.559143080,0,1
0.559261600,1,1
0.561141160,1,0
0.561307560,0,0
0.563140120,0,1
0.563352880,1,1
0.565151120,1,0
0.565395560,0,0
0.567137200,0,1
0.567284600,1,1
0.569135320,1,0
0.569331360,0,0
0.571134240,0,1
0.571375360,1,1
0.573132280,1,0
0.573250320,0,0
0.575131240,0,1
0.575297240,1,1
0.577130920,1,0
0.577348760,0,0
0.579128320,0,1
0.579233560,1,1
0.581126400,1,0
0.581279880,0,0
0.583125280,0,1
0.583324320,1,1
0.585125520,1,0
0.585370640,0,0
0.587122320,0,1
0.587263000,1,1
0.589120440,1,0
0.589308240,0,0
0.591119360,0,1
0.591354400,1,1
0.593117520,1,0
0.593231720,0,0
0.595116400,0,1
0.595269720,1,1
0.597114480,1,0
0.597325280,0,0
0.599120200,0,1
0.599363880,1,1
0.601111520,1,0
0.601230640,0,0
0.603110520,0,1
0.603267880,1,1
0.605108640,1,0
0.605307600,0,0
0.607107560,0,1
0.607348440,1,1
0.609105600,1,0
0.609216440,0,0
0.611104560,0,1
0.611257600,1,1
0.613102640,1,0
0.613294760,0,0
0.615101600,0,1
0.615334880,1,1
0.617099720,1,0
0.617204760,0,0
0.619098640,0,1
0.619242600,1,1
0.621096720,1,0
0.621278240,0,0
0.623098360,0,1
0.623315640,1,1
0.625107560,1,0
0.625354360,0,0
0.627092760,0,1
0.627242120,1,1
0.629090840,1,0
0.629289400,0,0
0.631089800,0,1
0.631334480,1,1
0.633087880,1,0
0.633209240,0,0
0.635090120,0,1
0.635255280,1,1
0.637090040,1,0
0.637308680,0,0
0.639083880,0,1
0.639189360,1,1
0.641081960,1,0
0.641234680,0,0
0.643080920,0,1
0.643281440,1,1
0.645079000,1,0
0.645325120,0,0
0.647077880,0,1
0.647204240,1,1
0.649075960,1,0
0.649250600,0,0
0.651078080,0,1
0.651295240,1,1
0.653073080,1,0
0.653177720,0,0
0.655072000,0,1
0.655223800,1,1
0.657070040,1,0
0.657285000,0,0
0.659087160,0,1
0.659331200,1,1
0.661067080,1,0
0.661213040,0,0
0.663066080,0,1
0.663255520,1,1
0.665064120,1,0
0.665302600,0,0
0.667063120,0,1
0.667183400,1,1
0.669061160,1,0
0.669224280,0,0
0.671060080,0,1
0.671193560,1,1
0.673058200,1,0
0.673296240,0,0
0.675057120,0,1
0.675256760,1,1
0.677055240,1,0
0.677247480,0,0
0.679054240,0,1
0.679208680,1,1
0.681052760,1,0
0.681411200,0,0
0.683051200,0,1
0.683367040,1,1
0.685049280,1,0
0.685327240,0,0
0.687048240,0,1
0.687307280,1,1
0.689046400,1,0
0.689267840,0,0
0.691045360,0,1
0.691222600,1,1
0.693043440,1,0
0.693188200,0,0
0.695042400,0,1
0.695385400,1,1
0.697040400,1,0
0.697355920,0,0
0.699039360,0,1
0.699221960,1,1
0.701037520,1,0
0.701181760,0,0
0.703036440,0,1
0.703383040,1,1
0.705034560,1,0
0.705341400,0,0
0.707033440,0,1
0.707286840,1,1
0.709031520,1,0
0.709201480,0,0
0.711030480,0,1
0.711361360,1,1
0.713028640,1,0
0.713274640,0,0
0.715027560,0,1
0.715193160,1,1
0.717025600,1,0
0.717378440,0,0
0.719024600,0,1
0.719334640,1,1
0.721022640,1,0
0.721293280,0,0
0.723021600,0,1
0.723250320,1,1
0.725019680,1,0
0.725210600,0,0
0.727018680,0,1
0.727168560,1,1
0.729016760,1,0
0.729322760,0,0
0.731015680,0,1
0.731239280,1,1
0.733013760,1,0
0.733155600,0,0
0.735012680,0,1
0.735313240,1,1
0.737010800,1,0
0.737277040,0,0
0.739009800,0,1
0.739235320,1,1
0.741007880,1,0
0.741192560,0,0
0.743006760,0,1
0.743155040,1,1
0.745004920,1,0
0.745357760,0,0
0.747003800,0,1
0.747321840,1,1
0.749001920,1,0
0.749281880,0,0
0.751000920,0,1
0.751241760,1,1
0.752999000,1,0
0.753200720,0,0
0.754997880,0,1
0.755158440,1,1
0.757007640,1,0
0.757366640,0,0
0.758995000,0,1
0.759332760,1,1
0.760993000,1,0
0.761292880,0,0
0.762995280,0,1
0.763248680,1,1
0.764990120,1,0
0.765209680,0,0
0.766989080,0,1
0.767176800,1,1
0.768987080,1,0
0.769136240,0,0
0.771003320,0,1
0.771360520,1,1
0.772997800,1,0
0.773364520,0,0
0.774983080,0,1
0.775327160,1,1
0.776981240,1,0
0.777303280,0,0
0.778986240,0,1
0.779360280,1,1
0.780978200,1,0
0.781152640,0,0
0.782977160,0,1
0.783207320,1,1
0.784975240,1,0
0.785287200,0,0
0.786974240,0,1
0.787198480,1,1
0.788972280,1,0
0.789319440,0,0
0.790971280,0,1
0.791248120,1,1
0.792969320,1,0
0.793169320,0,0
0.794976120,0,1
0.795328920,1,1
0.796972560,1,0
0.797288880,0,0
0.798965360,0,1
0.799212560,1,1
0.800963440,1,0
0.801131240,0,0
0.802962360,0,1
0.803295160,1,1
0.804960480,1,0
0.805214040,0,0
0.806959440,0,1
0.807303160,1,1
0.808957480,1,0
0.809222120,0,0
0.810956400,0,1
0.811142440,1,1
0.812954520,1,0
0.813298840,0,0
0.814953520,0,1
0.815216680,1,1
0.816951600,1,0
0.817163240,0,0
0.818968240,0,1
0.819318280,1,1
0.820948600,1,0
0.821238840,0,0
0.822947520,0,1
0.823156000,1,1
0.824960480,1,0
0.825311520,0,0
0.826944640,0,1
0.827254720,1,1
0.828942720,1,0
0.829173200,0,0
0.830941600,0,1
0.831090920,1,1
0.832939680,1,0
0.833247080,0,0
0.834938640,0,1
0.835166120,1,1
0.836936800,1,0
0.837093800,0,0
0.838935760,0,1
0.839249240,1,1
0.840933840,1,0
0.841166880,0,0
0.842932720,0,1
0.843087760,1,1
0.844930800,1,0
0.845245120,0,0
0.846929760,0,1
0.847219360,1,1
0.848927840,1,0
0.849184280,0,0
0.850926840,0,1
0.851145200,1,1
0.852924960,1,0
0.853105200,0,0
0.854923840,0,1
0.855069920,1,1
0.856922000,1,0
0.857280120,0,0
0.858920880,0,1
0.859242360,1,1
0.860918960,1,0
0.861209840,0,0
0.862917960,0,1
0.863166200,1,1
0.864916080,1,0
0.865128040,0,0
0.866914960,0,1
0.867091680,1,1
0.868913040,1,0
0.869060040,0,0
0.870924920,0,1
0.871286920,1,1
0.872910080,1,0
0.873253800,0,0
0.874909080,0,1
0.875215400,1,1
0.876907160,1,0
0.877203120,0,0
0.878906080,0,1
0.879163480,1,1
0.880904160,1,0
0.881120760,0,0
0.882903080,0,1
0.883080560,1,1
0.884901200,1,0
0.885047000,0,0
0.886904320,0,1
0.887256280,1,1
0.888898280,1,0
0.889176520,0,0
0.890900480,0,1
0.891094800,1,1
0.892899840,1,0
0.893251200,0,0
0.894894200,0,1
0.895164120,1,1
0.896892320,1,0
0.897107680,0,0
0.898891320,0,1
0.899102680,1,1
0.900889400,1,0
0.901053840,0,0
0.902888360,0,1
0.903243840,1,1
0.904886440,1,0
0.905222240,0,0
0.906885320,0,1
0.907198880,1,1
0.908883400,1,0
0.909160480,0,0
0.910882440,0,1
0.911114200,1,1
0.912880520,1,0
0.913064560,0,0
0.914897760,0,1
0.915255680,1,1
0.916877560,1,0
0.917220600,0,0
0.918876440,0,1
0.919040560,1,1
0.920889600,1,0
0.921251840,0,0
0.922873480,0,1
0.923213800,1,1
0.924871640,1,0
0.925173640,0,0
0.926870560,0,1
0.927147280,1,1
0.928868600,1,0
0.929104600,0,0
0.930867560,0,1
0.931061760,1,1
0.932865640,1,0
0.933020720,0,0
0.934864920,0,1
0.935230080,1,1
0.936862680,1,0
0.937209440,0,0
0.938861680,0,1
0.939167240,1,1
0.940859800,1,0
0.941127720,0,0
0.942858680,0,1
0.943086240,1,1
0.944856760,1,0
0.945047120,0,0
0.946855720,0,1
0.947016120,1,1
0.948859520,1,0
0.949218480,0,0
0.950857600,0,1
0.951179480,1,1
0.952850880,1,0
0.953137920,0,0
0.954849800,0,1
0.955098000,1,1
0.956847880,1,0
0.957062840,0,0
0.958846800,0,1
0.959022680,1,1
0.960844960,1,0
0.960990280,0,0
0.962843920,0,1
0.963192480,1,1
0.964842000,1,0
0.965153400,0,0
0.966840880,0,1
0.967137800,1,1
0.968839000,1,0
0.969103360,0,0
0.970837920,0,1
0.971066840,1,1
0.972836040,1,0
0.973026120,0,0
0.974835040,0,1
0.974986680,1,1
0.976833560,1,0
0.977195040,0,0
0.978833120,0,1
0.979154360,1,1
0.980830080,1,0
0.981112320,0,0
0.982829040,0,1
0.983083000,1,1
0.984827120,1,0
0.985039480,0,0
0.986826160,0,1
0.987005920,1,1
0.988824240,1,0
0.988969600,0,0
0.990823200,0,1
0.991170400,1,1
0.992821200,1,0
0.993128760,0,0
0.994820160,0,1
0.995091200,1,1
0.996818240,1,0
0.997057800,0,0
0.998817240,0,1
0.999019080,1,1
1.000815360,1,0
1.000979320,0,0
1.002823400,0,1
1.003181680,1,1
1.004817680,1,0
1.005141480,0,0
1.006811280,0,1
1.007129240,1,1
1.008809360,1,0
1.009089720,0,0
1.010808360,0,1
1.011050120,1,1
1.012806480,1,0
1.013011240,0,0
1.014805400,0,1
1.014966240,1,1
1.016803520,1,0
1.016949840,0,0
1.018805680,0,1
1.019154240,1,1
1.020800480,1,0
1.021116920,0,0
1.022799480,0,1
1.023079080,1,1
1.024797560,1,0
1.025039360,0,0
1.026796520,0,1
1.027002920,1,1
1.028794560,1,0
1.028963920,0,0
1.030812800,0,1
1.031173120,1,1
1.032791600,1,0
1.033135480,0,0
1.034790600,0,1
1.035095800,1,1
1.036788680,1,0
1.037061440,0,0
1.038787640,0,1
1.039023840,1,1
1.040785680,1,0
1.040983240,0,0
1.042784600,0,1
1.042940440,1,1
1.044787760,1,0
1.045147520,0,0
1.046781640,0,1
1.047118920,1,1
1.048779800,1,0
1.049077120,0,0
1.050778760,0,1
1.051041640,1,1
1.052776760,1,0
1.053000080,0,0
1.054775720,0,1
1.054959640,1,1
1.056773800,1,0
1.056944840,0,0
1.058788240,0,1
1.059149200,1,1
1.060770840,1,0
1.061111800,0,0
1.062769880,0,1
1.063070480,1,1
1.064767960,1,0
1.065028080,0,0
1.066766840,0,1
1.066994200,1,1
1.068764920,1,0
1.068957080,0,0
1.070763880,0,1
1.070918840,1,1
1.072766360,1,0
1.073127320,0,0
1.074767160,0,1
1.075089800,1,1
1.076759080,1,0
1.077055000,0,0
1.078757960,0,1
1.079022480,1,1
1.080756040,1,0
1.080983200,0,0
1.082755000,0,1
1.082938160,1,1
1.084753160,1,0
1.084901000,0,0
1.086768720,0,1
1.087128280,1,1
1.088750200,1,0
1.089091560,0,0
1.090749080,0,1
1.091056160,1,1
1.092747160,1,0
1.093018720,0,0
1.094746120,0,1
1.094983240,1,1
1.096744280,1,0
1.096953000,0,0
1.098743200,0,1
1.098912880,1,1
1.100755960,1,0
1.101114680,0,0
1.102740240,0,1
1.103078840,1,1
1.104738280,1,0
1.105041800,0,0
1.106737240,0,1
1.107004200,1,1
1.108735320,1,0
1.108965760,0,0
1.110734320,0,1
1.110923120,1,1
1.112732400,1,0
1.112883560,0,0
1.114731360,0,1
1.115085320,1,1
1.116731960,1,0
1.117056320,0,0
1.118728320,0,1
1.119013280,1,1
1.120726440,1,0
1.120977840,0,0
1.122725440,0,1
1.122937640,1,1
1.124723520,1,0
1.124896480,0,0
1.126722400,0,1
1.126872440,1,1
1.128720560,1,0
1.129075720,0,0
1.130719440,0,1
1.131027880,1,1
1.132717520,1,0
1.132986280,0,0
1.134716560,0,1
1.134940480,1,1
1.136714640,1,0
1.136921960,0,0
1.138713520,0,1
1.138876160,1,1
1.140717560,1,0
1.141075640,0,0
1.142710880,0,1
1.143032040,1,1
1.144708640,1,0
1.144993560,0,0
1.146710920,0,1
1.146969360,1,1
1.148705760,1,0
1.148922720,0,0
1.150704680,0,1
1.150879720,1,1
1.152702720,1,0
1.152848480,0,0
1.154701680,0,1
1.155051000,1,1
1.156699760,1,0
1.157015320,0,0
1.158698760,0,1
1.158971360,1,1
1.160696880,1,0
1.160925160,0,0
1.162695800,0,1
1.162881760,1,1
1.164693840,1,0
1.164840440,0,0
1.166692800,0,1
1.167046720,1,1
1.168690880,1,0
1.169032600,0,0
1.170689880,0,1
1.170998120,1,1
1.172688000,1,0
1.172959800,0,0
1.174686920,0,1
1.174918640,1,1
1.176684960,1,0
1.176907120,0,0
1.178683920,0,1
1.178868240,1,1
1.180682000,1,0
1.180838560,0,0
1.182690360,0,1
1.183055480,1,1
1.184679040,1,0
1.185018800,0,0
1.186678040,0,1
1.186985560,1,1
1.188676120,1,0
1.188946360,0,0
1.190675000,0,1
1.190867440,1,1
1.192673120,1,0
1.192854440,0,0
1.194672040,0,1
1.194828280,1,1
1.196675320,1,0
1.197021760,0,0
1.198669160,0,1
1.198919600,1,1
1.200667240,1,0
1.200811520,0,0
1.202666120,0,1
1.202944360,1,1
1.204664240,1,0
1.204838840,0,0
1.206663160,0,1
1.206863000,1,1
1.208661320,1,0
1.208833960,0,0
1.210676440,0,1
1.211035000,1,1
1.212658360,1,0
1.213000920,0,0
1.214657240,0,1
1.214961000,1,1
1.216655320,1,0
1.216926760,0,0
1.218654280,0,1
1.218844120,1,1
1.220652360,1,0
1.220999200,0,0
1.222651400,0,1
1.222919520,1,1
1.224649480,1,0
1.224833960,0,0
1.226648360,0,1
1.226795080,1,1
1.228646520,1,0
1.229000560,0,0
1.230645400,0,1
1.230957800,1,1
1.232643480,1,0
1.232920040,0,0
1.234642480,0,1
1.234880800,1,1
1.236640600,1,0
1.236863720,0,0
1.238639480,0,1
1.238826920,1,1
1.240637560,1,0
1.240785880,0,0
1.242636520,0,1
1.242992360,1,1
1.244634600,1,0
1.244953280,0,0
1.246633600,0,1
1.246929520,1,1
1.248631720,1,0
1.248890000,0,0
1.250630600,0,1
1.250854240,1,1
1.252628680,1,0
1.252817960,0,0
1.254627640,0,1
1.254776800,1,1
1.256631640,1,0
1.256990800,0,0
1.258629640,0,1
1.258949920,1,1
1.260622800,1,0
1.260912920,0,0
1.262621720,0,1
1.262877520,1,1
1.264619800,1,0
1.264835160,0,0
1.266618720,0,1
1.266820360,1,1
1.268616840,1,0
1.268781360,0,0
1.270627280,0,1
1.270985320,1,1
1.272613880,1,0
1.272955480,0,0
1.274616120,0,1
1.274918120,1,1
1.276610920,1,0
1.276890640,0,0
1.278609840,0,1
1.278854840,1,1
1.280607960,1,0
1.280813640,0,0
1.282606960,0,1
1.282772960,1,1
1.284618960,1,0
1.284984200,0,0
1.286604000,0,1
1.286958120,1,1
1.288602000,1,0
1.288919320,0,0
1.290600960,0,1
1.290882560,1,1
1.292599040,1,0
1.292843920,0,0
1.294598080,0,1
1.294804240,1,1
1.296596160,1,0
1.296769840,0,0
1.298595120,0,1
1.298757440,1,1
1.300605240,1,0
1.300967320,0,0
1.302592080,0,1
1.302933080,1,1
1.304590160,1,0
1.304896880,0,0
1.306589120,0,1
1.306931440,1,1
1.308587280,1,0
1.308891280,0,0
1.310586200,0,1
1.310852080,1,1
1.312584240,1,0
1.312812680,0,0
1.314583200,0,1
1.314771040,1,1
1.316581280,1,0
1.316737120,0,0
1.318583920,0,1
1.318942600,1,1
1.320578400,1,0
1.320898320,0,0
1.322577320,0,1
1.322857080,1,1
1.324575400,1,0
1.324820280,0,0
1.326574320,0,1
1.326787320,1,1
1.328572400,1,0
1.328745560,0,0
1.330589080,0,1
1.330947520,1,1
1.332569440,1,0
1.332908160,0,0
1.334568440,0,1
1.334866600,1,1
1.336566520,1,0
1.336855680,0,0
1.338565400,0,1
1.338814520,1,1
1.340563520,1,0
1.340773160,0,0
1.342562440,0,1
1.342732880,1,1
1.344575280,1,0
1.344932760,0,0
1.346559560,0,1
1.346910880,1,1
1.348557640,1,0
1.348870520,0,0
1.350556520,0,1
1.350828440,1,1
1.352554640,1,0
1.352788280,0,0
1.354553560,0,1
1.354742760,1,1
1.356551640,1,0
1.356708680,0,0
1.358550600,0,1
1.358908960,1,1
1.360548760,1,0
1.360869200,0,0
1.362547640,0,1
1.362826640,1,1
1.364545720,1,0
1.364785680,0,0
1.366544680,0,1
1.366754520,1,1
1.368542760,1,0
1.368715240,0,0
1.370556320,0,1
1.370914160,1,1
1.372539880,1,0
1.372894200,0,0
1.374538760,0,1
1.374848600,1,1
1.376536840,1,0
1.376827280,0,0
1.378535800,0,1
1.378783680,1,1
1.380533880,1,0
1.380744440,0,0
1.382532880,0,1
1.382702080,1,1
1.384546720,1,0
1.384907200,0,0
1.386529880,0,1
1.386852080,1,1
1.388527960,1,0
1.388809240,0,0
1.390526920,0,1
1.390770200,1,1
1.392525000,1,0
1.392725800,0,0
1.394524000,0,1
1.394688360,1,1
1.396522120,1,0
1.396669960,0,0
1.398521040,0,1
1.398880280,1,1
1.400519120,1,0
1.400838440,0,0
1.402521400,0,1
1.402803120,1,1
1.404516120,1,0
1.404760080,0,0
1.406515120,0,1
1.406724200,1,1
1.408513200,1,0
1.408684080,0,0
1.410526080,0,1
1.410887480,1,1
1.412510240,1,0
1.412851880,0,0
1.414509120,0,1
1.414811960,1,1
1.416507240,1,0
1.416681320,0,0
1.418525520,0,1
1.418886880,1,1
1.420504280,1,0
1.420845280,0,0
1.422503280,0,1
1.422806280,1,1
1.424501320,1,0
1.424765200,0,0
1.426500240,0,1
1.426718840,1,1
1.428498360,1,0
1.428642120,0,0
1.430497280,0,1
1.430862160,1,1
1.432498920,1,0
1.432821880,0,0
1.434494400,0,1
1.434780720,1,1
1.436492400,1,0
1.436738760,0,0
1.438491360,0,1
1.438657360,1,1
1.440494400,1,0
1.440809920,0,0
1.442488400,0,1
1.442791520,1,1
1.444486480,1,0
1.444757360,0,0
1.446485520,0,1
1.446714560,1,1
1.448483600,1,0
1.448630560,0,0
1.450482480,0,1
1.450784360,1,1
1.452480560,1,0
1.452701280,0,0
1.454479520,0,1
1.454622720,1,1
1.456477600,1,0
1.456829600,0,0
1.458476600,0,1
1.458787560,1,1
1.460474720,1,0
1.460751360,0,0
1.462473600,0,1
1.462708560,1,1
1.464471680,1,0
1.464668640,0,0
1.466470640,0,1
1.466641320,1,1
1.468468720,1,0
1.468798640,0,0
1.470467720,0,1
1.470717040,1,1
1.472465840,1,0
1.472636440,0,0
1.474464760,0,1
1.474793720,1,1
1.476462800,1,0
1.476742120,0,0
1.478461760,0,1
1.478691280,1,1
1.480459880,1,0
1.480643560,0,0
1.482458840,0,1
1.482605480,1,1
1.484456880,1,0
1.484800560,0,0
1.486462080,0,1
1.486784840,1,1
1.488453920,1,0
1.488735560,0,0
1.490452840,0,1
1.490685560,1,1
1.492450960,1,0
1.492635160,0,0
1.494449960,0,1
1.494595720,1,1
1.496448040,1,0
1.496804760,0,0
1.498446920,0,1
1.498757280,1,1
1.500445040,1,0
1.500708320,0,0
1.502443960,0,1
1.502662640,1,1
1.504442080,1,0
1.504611760,0,0
1.506441080,0,1
1.506586920,1,1
1.508439160,1,0
1.508784000,0,0
1.510438040,0,1
1.510738080,1,1
1.512436120,1,0
1.512686280,0,0
1.514435080,0,1
1.514637040,1,1
1.516433160,1,0
1.516593000,0,0
1.518432120,0,1
1.518778360,1,1
1.520432400,1,0
1.520797360,0,0
1.522432280,0,1
1.522753320,1,1
1.524427240,1,0
1.524712160,0,0
1.526426200,0,1
1.526685320,1,1
1.528424280,1,0
1.528643760,0,0
1.530426560,0,1
1.530609040,1,1
1.532421400,1,0
1.532570840,0,0
1.534420320,0,1
1.534773040,1,1
1.536418360,1,0
1.536739520,0,0
1.538417320,0,1
1.538702560,1,1
1.540415400,1,0
1.540659360,0,0
1.542414400,0,1
1.542614400,1,1
1.544412520,1,0
1.544569520,0,0
1.546411440,0,1
1.546558480,1,1
1.548409560,1,0
1.548753520,0,0
1.550408440,0,1
1.550702120,1,1
1.552406520,1,0
1.552651760,0,0
1.554405520,0,1
1.554600960,1,1
1.556403600,1,0
1.556576720,0,0
1.558413000,0,1
1.558771600,1,1
1.560405960,1,0
1.560726520,0,0
1.562399560,0,1
1.562677360,1,1
1.564397640,1,0
1.564626000,0,0
1.566396640,0,1
1.566581360,1,1
1.568394720,1,0
1.568541240,0,0
1.570393600,0,1
1.570734680,1,1
1.572391760,1,0
1.572688680,0,0
1.574390640,0,1
1.574635200,1,1
1.576388760,1,0
1.576608360,0,0
1.578387680,0,1
1.578557960,1,1
1.580393080,1,0
1.580752520,0,0
1.582384800,0,1
1.582702240,1,1
1.584382880,1,0
1.584653120,0,0
1.586381760,0,1
1.586623120,1,1
1.588379880,1,0
1.588562760,0,0
1.590389160,0,1
1.590745560,1,1
1.592376960,1,0
1.592693600,0,0
1.594375920,0,1
1.594650240,1,1
1.596374000,1,0
1.596629360,0,0
1.598372880,0,1
1.598588920,1,1
1.600370960,1,0
1.600546920,0,0
1.602388800,0,1
1.602750760,1,1
1.604368000,1,0
1.604709840,0,0
1.606367040,0,1
1.606677960,1,1
1.608365120,1,0
1.608637440,0,0
1.610364000,0,1
1.610599000,1,1
1.612362080,1,0
1.612554400,0,0
1.614361040,0,1
1.614512400,1,1
1.616359120,1,0
1.616722160,0,0
1.618358120,0,1
1.618682040,1,1
1.620356240,1,0
1.620642840,0,0
1.622355120,0,1
1.622603040,1,1
1.624353200,1,0
1.624563920,0,0
1.626352160,0,1
1.626540160,1,1
1.628350240,1,0
1.628501800,0,0
1.630349200,0,1
1.630702600,1,1
1.632347360,1,0
1.632660520,0,0
1.634346240,0,1
1.634619280,1,1
1.636344320,1,0
1.636592760,0,0
1.638343280,0,1
1.638553960,1,1
1.640341360,1,0
1.640513040,0,0
1.642354920,0,1
1.642712960,1,1
1.644338440,1,0
1.644676160,0,0
1.646337360,0,1
1.646640720,1,1
1.648335440,1,0
1.648600280,0,0
1.650334400,0,1
1.650558240,1,1
1.652332480,1,0
1.652524080,0,0
1.654331440,0,1
1.654485760,1,1
1.656330320,1,0
1.656688640,0,0
1.658334160,0,1
1.658650240,1,1
1.660326560,1,0
1.660609880,0,0
1.662325480,0,1
1.662568720,1,1
1.664323600,1,0
1.664527840,0,0
1.666322600,0,1
1.666494480,1,1
1.668334920,1,0
1.668698840,0,0
1.670319640,0,1
1.670658280,1,1
1.672317680,1,0
1.672615520,0,0
1.674316600,0,1
1.674572520,1,1
1.676314720,1,0
1.676557400,0,0
1.678313720,0,1
1.678514920,1,1
1.680311800,1,0
1.680468760,0,0
1.682314120,0,1
1.682671680,1,1
1.684308760,1,0
1.684628520,0,0
1.686307720,0,1
1.686608360,1,1
1.688305800,1,0
1.688567920,0,0
1.690304840,0,1
1.690525360,1,1
1.692302920,1,0
1.692483160,0,0
1.694301880,0,1
1.694448400,1,1
1.696299960,1,0
1.696654640,0,0
1.698298840,0,1
1.698615720,1,1
1.700296920,1,0
1.700574560,0,0
1.702295880,0,1
1.702532400,1,1
1.704294040,1,0
1.704490120,0,0
1.706293000,0,1
1.706452040,1,1
1.708292320,1,0
1.708652160,0,0
1.710290960,0,1
1.710610680,1,1
1.712288040,1,0
1.712564880,0,0
1.714287000,0,1
1.714523360,1,1
1.716285160,1,0
1.716491040,0,0
1.718284080,0,1
1.718448440,1,1
1.720289920,1,0
1.720649400,0,0
1.722282640,0,1
1.722604400,1,1
1.724279160,1,0
1.724561480,0,0
1.726278120,0,1
1.726545680,1,1
1.728276280,1,0
1.728505720,0,0
1.730275200,0,1
1.730464360,1,1
1.732273280,1,0
1.732422480,0,0
1.734272240,0,1
1.734629400,1,1
1.736270280,1,0
1.736619760,0,0
1.738269240,0,1
1.738570640,1,1
1.740267320,1,0
1.740521720,0,0
1.742266320,0,1
1.742472520,1,1
1.744264400,1,0
1.744425840,0,0
1.746267280,0,1
1.746624400,1,1
1.748261400,1,0
1.748579640,0,0
1.750260320,0,1
1.750530800,1,1
1.752258440,1,0
1.752481280,0,0
1.754257440,0,1
1.754429520,1,1
1.756272400,1,0
1.756631200,0,0
1.758254480,0,1
1.758592520,1,1
1.760252520,1,0
1.760541640,0,0
1.762251440,0,1
1.762493880,1,1
1.764249560,1,0
1.764442800,0,0
1.766248560,0,1
1.766400040,1,1
1.768246640,1,0
1.768592680,0,0
1.770245520,0,1
1.770543480,1,1
1.772243600,1,0
1.772516480,0,0
1.774242560,0,1
1.774469280,1,1
1.776240640,1,0
1.776429440,0,0
1.778239680,0,1
1.778997560,1,1
1.780237760,1,0
1.780605760,0,0
1.782236720,0,1
1.782412720,1,1
1.784234800,1,0
1.784469320,0,0
1.786237040,0,1
1.786470800,1,1
1.788231760,1,0
1.788550720,0,0
1.790230800,0,1
1.790398160,1,1
1.792228880,1,0
1.792386280,0,0
1.794227800,0,1
1.794407480,1,1
1.796225840,1,0
1.796434640,0,0
1.798224800,0,1
1.798618840,1,1
1.800222880,1,0
1.800629200,0,0
1.802221880,0,1
1.802415160,1,1
1.804220000,1,0
1.804440200,0,0
1.806218920,0,1
1.806473680,1,1
1.808216960,1,0
1.808499520,0,0
1.810215920,0,1
1.810567880,1,1
1.812214000,1,0
1.812599600,0,0
1.814223200,0,1
1.814626200,1,1
1.816211120,1,0
1.817095480,0,0
1.818211480,0,1
1.818563280,1,1
1.820208080,1,0
1.820477320,0,0
1.822207040,0,1
1.822391960,1,1
1.824205120,1,0
1.824583400,0,0
1.826204080,0,1
1.826539040,1,1
1.828202160,1,0
1.828454200,0,0
1.830201160,0,1
1.830368920,1,1
1.832199240,1,0
1.832529560,0,0
1.834198120,0,1
1.834443320,1,1
1.836196240,1,0
1.836377520,0,0
1.838195160,0,1
1.838532440,1,1
1.840193320,1,0
1.840444600,0,0
1.842192280,0,1
1.842358680,1,1
1.844190360,1,0
1.844520480,0,0
1.846193360,0,1
1.846570680,1,1
1.848187360,1,0
1.848493560,0,0
1.850186280,0,1
1.850415480,1,1
1.852184440,1,0
1.852362640,0,0
1.854200240,0,1
1.854551760,1,1
1.856181480,1,0
1.856541000,0,0
1.858180440,0,1
1.858550200,1,1
1.860178440,1,0
1.860514520,0,0
1.862183600,0,1
1.862501720,1,1
1.864175560,1,0
1.864481680,0,0
1.866174520,0,1
1.866467240,1,1
1.868172600,1,0
1.868420600,0,0
1.870171560,0,1
1.870364640,1,1
1.872169560,1,0
1.872314840,0,0
1.874168520,0,1
1.874507640,1,1
1.876166600,1,0
1.876388800,0,0
1.878165560,0,1
1.878534320,1,1
1.880163720,1,0
1.880409800,0,0
1.882162640,0,1
1.882551240,1,1
1.884160680,1,0
1.884425200,0,0
1.886159640,0,1
1.886321960,1,1
1.888157720,1,0
1.888421920,0,0
1.890156680,0,1
1.890518600,1,1
1.892154840,1,0
1.892353000,0,0
1.894153720,0,1
1.894448080,1,1
1.896167400,1,0
1.896566880,0,0
1.898150760,0,1
1.898509680,1,1
1.900148840,1,0
1.900387920,0,0
1.902147800,0,1
1.902531240,1,1
1.904145920,1,0
1.904408480,0,0
1.906144840,0,1
1.906313920,1,1
1.908142920,1,0
1.908459800,0,0
1.910141880,0,1
1.910331600,1,1
1.912139960,1,0
1.912472120,0,0
1.914142200,0,1
1.914346840,1,1
1.916137000,1,0
1.916517120,0,0
1.918136000,0,1
1.918416240,1,1
1.920134040,1,0
1.920311040,0,0
1.922132960,0,1
1.922480200,1,1
1.924131080,1,0
1.924375800,0,0
1.926130080,0,1
1.926298480,1,1
1.928128160,1,0
1.928465440,0,0
1.930127120,0,1
1.930364000,1,1
1.932128160,1,0
1.932528200,0,0
1.934124080,0,1
1.934422680,1,1
1.936122200,1,0
1.936343520,0,0
1.938121120,0,1
1.938514440,1,1
1.940119280,1,0
1.940413080,0,0
1.942118240,0,1
1.942305440,1,1
1.944116240,1,0
1.944473640,0,0
1.946115200,0,1
1.946374200,1,1
1.948113280,1,0
1.948273160,0,0
1.950112320,0,1
1.950435840,1,1
1.952110400,1,0
1.952330240,0,0
1.954109280,0,1
1.954491040,1,1
1.956107440,1,0
1.956392120,0,0
1.958106320,0,1
1.958291240,1,1
1.960104400,1,0
1.960461440,0,0
1.962103360,0,1
1.962357840,1,1
1.964119000,1,0
1.964520160,0,0
1.966100440,0,1
1.966423800,1,1
1.968098560,1,0
1.968319960,0,0
1.970097480,0,1
1.970484760,1,1
1.972095520,1,0
1.972381440,0,0
1.974094480,0,1
1.974285840,1,1
1.976092640,1,0
1.976324960,0,0
1.978091560,0,1
1.978285760,1,1
1.980089680,1,0
1.980253280,0,0
1.982099160,0,1
1.982457200,1,1
1.984086640,1,0
1.984425000,0,0
1.986085600,0,1
1.986394400,1,1
1.988083720,1,0
1.988356800,0,0
1.990082680,0,1
1.990318400,1,1
1.992080760,1,0
1.992277040,0,0
1.994079680,0,1
1.994238440,1,1
1.996095560,1,0
1.996463800,0,0
1.998076760,0,1
2.000074840,0,0
2.002073760,0,1
2.004071840,0,0
2.006070800,0,1
2.008068880,0,0
2.010067880,0,1
2.012065960,0,0
2.014064880,0,1
2.016062960,0,0
2.018061920,0,1
2.020060000,0,0
2.022059000,0,1
2.024057080,0,0
2.026056000,0,1
2.028054080,0,0
2.030053040,0,1
2.032051120,0,0
2.034050120,0,1
2.036048240,0,0
2.038047160,0,1
2.040045280,0,0
2.042047520,0,1
2.044042240,0,0
2.046041240,0,1
2.048039360,0,0
2.050038280,0,1
2.052036320,0,0
2.054035280,0,1
2.056033360,0,0
2.058032360,0,1
2.060030480,0,0
2.062029400,0,1
2.064027440,0,0
2.066026400,0,1
2.068024480,0,0
2.070023480,0,1
2.072021600,0,0
2.074020520,0,1
2.076018560,0,0
2.078017520,0,1
2.080015600,0,0
2.082014560,0,1
2.084012640,0,0
2.086011640,0,1
2.088009760,0,0
2.090008640,0,1
2.092006720,0,0
2.094005680,0,1
2.096003840,0,0
2.098002760,0,1
2.100000880,0,0
2.101999760,0,1
2.103997840,0,0
2.105996800,0,1
2.107994960,0,0
2.109993920,0,1
2.111992000,0,0
2.113990880,0,1
2.115988960,0,0
2.117987920,0,1
2.119986080,0,0
2.121985040,0,1
2.123983120,0,0
2.125982080,0,1
2.127980080,0,0
2.129979040,0,1
2.131977120,0,0
2.133976160,0,1
2.135974240,0,0
2.137973120,0,1
2.139971200,0,0
2.141970160,0,1
2.143968240,0,0
2.145967280,0,1
2.147965360,0,0
2.149964240,0,1
2.151962320,0,0
2.153961280,0,1
2.155959360,0,0
2.157958400,0,1
2.159956480,0,0
2.161955360,0,1
2.163953440,0,0
2.165952400,0,1
2.167950480,0,0
2.169952760,0,1
2.171947600,0,0
2.173946560,0,1
2.175944600,0,0
2.177943520,0,1
2.179941640,0,0
2.181940640,0,1
2.183938720,0,0
2.185937680,0,1
2.187935720,0,0
2.189934640,0,1
2.191932760,0,0
2.193931760,0,1
2.195929840,0,0
2.197928800,0,1
2.199926840,0,0
2.201925760,0,1
2.203923880,0,0
2.205922880,0,1
2.207920960,0,0
2.209919920,0,1
2.211918000,0,0
2.213916880,0,1
2.215915000,0,0
2.217913920,0,1
2.219912080,0,0
2.221911040,0,1
2.223909120,0,0
2.225908000,0,1
2.227906120,0,0
2.229905040,0,1
2.231903200,0,0
2.233902160,0,1
2.235900240,0,0
2.237899120,0,1
2.239897240,0,0
2.241896160,0,1
2.243894320,0,0
2.245893280,0,1
2.247891360,0,0
2.249890280,0,1
2.251888360,0,0
2.253887320,0,1
2.255885400,0,0
2.257884400,0,1
2.259882480,0,0
2.261881400,0,1
2.263879480,0,0
2.265878440,0,1
2.267876520,0,0
2.269875520,0,1
2.271873600,0,0
2.273872520,0,1
2.275870600,0,0
2.277869560,0,1
2.279867640,0,0
2.281866640,0,1
2.283864720,0,0
2.285863640,0,1
2.287861720,0,0
2.289860680,0,1
2.291858760,0,0
2.293857720,0,1
2.295855880,0,0
2.297858040,0,1
2.299852840,0,0
2.301851800,0,1
2.303849880,0,0
2.305848880,0,1
2.307847000,0,0
2.309845920,0,1
2.311843960,0,0
2.313842920,0,1
2.315841000,0,0
2.317840000,0,1
2.319838120,0,0
2.321837040,0,1
2.323835080,0,0
2.325834040,0,1
2.327832120,0,0
2.329831120,0,1
2.331829240,0,0
2.333828160,0,1
2.335826200,0,0
2.337825160,0,1
2.339823240,0,0
2.341822200,0,1
2.343820360,0,0
2.345819280,0,1
2.347817400,0,0
2.349816280,0,1
2.351814360,0,0
2.353813320,0,1
2.355811480,0,0
2.357810440,0,1
2.359808520,0,0
2.361807400,0,1
2.363805480,0,0
2.365804440,0,1
2.367802600,0,0
2.369801560,0,1
2.371799640,0,0
2.373798520,0,1
2.375796600,0,0
2.377795560,0,1
2.379793640,0,0
2.381792680,0,1
2.383790760,0,0
2.385789640,0,1
2.387787720,0,0
2.389786680,0,1
2.391784760,0,0
2.393783800,0,1
2.395781880,0,0
2.397780760,0,1
2.399778840,0,0
2.401777800,0,1
2.403775880,0,0
2.405774920,0,1
2.407773000,0,0
2.409771880,0,1
2.411770000,0,0
2.413768920,0,1
2.415767040,0,0
2.417766040,0,1
2.419764120,0,0
2.421763080,0,1
2.423761160,0,0
2.425763440,0,1
2.427758160,0,0
2.429757160,0,1
2.431755240,0,0
2.433754200,0,1
2.435752240,0,0
2.437751160,0,1
2.439749280,0,0
2.441748280,0,1
2.443746360,0,0
2.445745320,0,1
2.447743360,0,0
2.449742280,0,1
2.451740400,0,0
2.453739400,0,1
2.455737480,0,0
2.457736440,0,1
2.459734480,0,0
2.461733440,0,1
2.463731520,0,0
2.465730480,0,1
2.467728560,0,0
2.469727560,0,1
2.471725640,0,0
2.473724560,0,1
2.475722640,0,0
2.477721600,0,1
2.479719720,0,0
2.481718680,0,1
2.483716760,0,0
2.485715680,0,1
2.487713760,0,0
2.489712720,0,1
2.491710840,0,0
2.493709800,0,1
2.495707880,0,0
2.497706800,0,1
2.499704880,0,0
2.501703840,0,1
2.503702000,0,0
2.505700920,0,1
2.507699040,0,0
2.509697960,0,1
2.511696000,0,0
2.513694960,0,1
2.515693040,0,0
2.517692040,0,1
2.519690160,0,0
2.521689040,0,1
2.523687120,0,0
2.525686080,0,1
2.527684160,0,0
2.529683160,0,1
2.531681280,0,0
2.533680160,0,1
2.535678240,0,0
2.537677200,0,1
2.539675280,0,0
2.541674280,0,1
2.543672400,0,0
2.545671280,0,1
2.547669360,0,0
2.549668320,0,1
2.551666400,0,0
2.553668680,0,1
2.555663520,0,0
2.557662480,0,1
2.559660480,0,0
2.561659440,0,1
2.563657520,0,0
2.565656560,0,1
2.567654640,0,0
2.569653600,0,1
2.571651600,0,0
2.573650560,0,1
2.575648640,0,0
2.577647680,0,1
2.579645760,0,0
2.581644720,0,1
2.583642720,0,0
2.585641680,0,1
2.587639760,0,0
2.589638800,0,1
2.591636880,0,0
2.593635840,0,1
2.595633920,0,0
2.597632800,0,1
2.599630880,0,0
2.601629840,0,1
2.603628000,0,0
2.605626960,0,1
2.607625040,0,0
2.609623920,0,1
2.611622000,0,0
2.613620960,0,1
2.615619120,0,0
2.617618080,0,1
2.619616160,0,0
2.621615040,0,1
2.623613160,0,0
2.625612080,0,1
2.627610240,0,0
2.629609200,0,1
2.631607280,0,0
2.633606160,0,1
2.635604280,0,0
2.637603200,0,1
2.639601320,0,0
2.641600320,0,1
2.643598400,0,0
2.645597280,0,1
2.647595400,0,0
2.649594320,0,1
2.651592440,0,0
2.653591440,0,1
2.655589520,0,0
2.657588400,0,1
2.659586520,0,0
2.661585440,0,1
2.663583560,0,0
2.665582560,0,1
2.667580640,0,0
2.669579520,0,1
2.671577640,0,0
2.673576600,0,1
2.675574680,0,0
2.677573640,0,1
2.679571760,0,0
2.681573960,0,1
2.683568760,0,0
2.685567720,0,1
2.687565800,0,0
2.689564800,0,1
2.691562880,0,0
2.693561840,0,1
2.695559880,0,0
2.697558840,0,1
2.699556920,0,0
2.701555920,0,1
2.703554040,0,0
2.705552960,0,1
2.707551000,0,0
2.709549960,0,1
2.711548040,0,0
2.713547040,0,1
2.715545160,0,0
2.717544080,0,1
2.719542120,0,0
2.721541080,0,1
2.723539160,0,0
2.725538120,0,1
2.727536280,0,0
2.729535200,0,1
2.731533320,0,0
2.733532200,0,1
2.735530280,0,0
2.737529240,0,1
2.739527400,0,0
2.741526320,0,1
2.743524440,0,0
2.745523320,0,1
2.747521400,0,0
2.749520360,0,1
2.751518520,0,0
2.753517440,0,1
2.755515560,0,0
2.757514440,0,1
2.759512520,0,0
2.761511480,0,1
2.763509560,0,0
2.765508600,0,1
2.767506680,0,0
2.769505560,0,1
2.771503640,0,0
2.773502600,0,1
2.775500680,0,0
2.777499720,0,1
2.779497800,0,0
2.781496680,0,1
2.783494760,0,0
2.785493720,0,1
2.787491800,0,0
2.789490840,0,1
2.791488920,0,0
2.793487800,0,1
2.795485880,0,0
2.797484840,0,1
2.799482920,0,0
2.801481960,0,1
2.803480040,0,0
2.805479000,0,1
2.807477080,0,0
2.809479320,0,1
2.811474040,0,0
2.813473080,0,1
2.815471160,0,0
2.817470120,0,1
2.819468120,0,0
2.821467080,0,1
2.823465160,0,0
2.825464200,0,1
2.827462280,0,0
2.829461240,0,1
2.831459280,0,0
2.833458200,0,1
2.835456320,0,0
2.837455320,0,1
2.839453400,0,0
2.841452360,0,1
2.843450400,0,0
2.845449320,0,1
2.847447440,0,0
2.849446360,0,1
2.851444480,0,0
2.853443480,0,1
2.855441560,0,0
2.857440440,0,1
2.859438560,0,0
2.861437480,0,1
2.863435640,0,0
2.865434600,0,1
2.867432680,0,0
2.869431560,0,1
2.871429680,0,0
2.873428600,0,1
2.875426760,0,0
2.877425720,0,1
2.879423800,0,0
2.881422680,0,1
2.883420800,0,0
2.885419720,0,1
2.887417880,0,0
2.889416840,0,1
2.891414920,0,0
2.893413880,0,1
2.895411920,0,0
2.897410840,0,1
2.899408960,0,0
2.901407960,0,1
2.903406040,0,0
2.905404920,0,1
2.907403040,0,0
2.909401960,0,1
2.911400080,0,0
2.913399080,0,1
2.915397160,0,0
2.917396040,0,1
2.919394160,0,0
2.921393080,0,1
2.923391200,0,0
2.925390200,0,1
2.927388280,0,0
2.929387200,0,1
2.931385280,0,0
2.933384240,0,1
2.935382320,0,0
2.937384560,0,1
2.939379400,0,0
2.941378360,0,1
2.943376400,0,0
2.945375360,0,1
2.947373440,0,0
2.949372440,0,1
2.951370520,0,0
2.953369480,0,1
2.955367520,0,0
2.957366480,0,1
2.959364560,0,0
2.961363560,0,1
2.963361640,0,0
2.965360600,0,1
2.967358640,0,0
2.969357600,0,1
2.971355680,0,0
2.973354680,0,1
2.975352760,0,0
2.977351720,0,1
2.979349800,0,0
2.981348720,0,1
2.983346800,0,0
2.985345760,0,1
2.987343920,0,0
2.989342840,0,1
2.991340960,0,0
2.993339840,0,1
2.995337920,0,0
2.997336880,0,1
2.999335040,0,0
3.001333960,0,1
3.003332080,0,0
3.005330960,0,1
3.007329040,0,0
3.009328000,0,1
3.011326160,0,0
3.013325080,0,1
3.015323200,0,0
3.017322080,0,1
3.019320160,0,0
3.021319120,0,1
3.023317200,0,0
3.025316200,0,1
3.027314320,0,0
3.029313200,0,1
3.031311280,0,0
3.033310240,0,1
3.035308320,0,0
3.037307320,0,1
3.039305440,0,0
3.041304320,0,1
3.043302400,0,0
3.045301360,0,1
3.047299440,0,0
3.049298440,0,1
3.051296560,0,0
3.053295440,0,1
3.055293520,0,0
3.057292480,0,1
3.059290560,0,0
3.061289520,0,1
3.063287680,0,0
3.065289880,0,1
3.067284640,0,0
3.069283600,0,1
3.071281680,0,0
3.073280720,0,1
3.075278800,0,0
3.077277760,0,1
3.079275760,0,0
3.081274720,0,1
3.083272800,0,0
3.085271840,0,1
3.087269920,0,0
3.089268880,0,1
3.091266880,0,0
3.093265840,0,1
3.095263920,0,0
3.097262960,0,1
3.099003320,0,1
