0.00,0,0
2.00,0,0
4.00,0,0
7.00,0,0
9.00,0,0
11.00,0,0
13.00,0,0
15.00,0,0
17.00,0,0
19.00,0,0
21.00,0,0
23.00,0,0
25.00,0,0
27.00,0,0
29.00,0,0
31.00,0,0
33.00,0,0
35.00,0,0
37.00,0,0
39.00,0,0
41.00,0,0
43.00,0,0
45.00,0,0
47.00,0,0
50.00,0,0
52.00,0,0
54.00,0,0
56.00,0,0
58.00,0,0
60.00,0,0
62.00,0,0
64.00,0,0
66.00,0,0
68.00,0,0
70.00,0,0
72.00,0,0
74.00,0,0
76.00,0,0
78.00,0,0
80.00,0,0
82.00,0,0
84.00,0,0
86.00,0,0
88.00,0,0
90.00,0,0
93.00,0,0
95.00,0,0
97.00,0,0
99.00,0,0
101.00,0,0
103.00,0,0
105.00,0,0
107.00,0,0
109.00,0,0
111.00,0,0
113.00,0,0
115.00,0,0
117.00,0,0
119.00,0,0
121.00,0,0
123.00,0,0
125.00,0,0
127.00,0,0
129.00,0,0
131.00,0,0
133.00,0,0
136.00,0,0
138.00,0,0
140.00,0,0
142.00,0,0
144.00,0,0
146.00,0,0
148.00,0,0
150.00,0,0
152.00,0,0
154.00,0,0
156.00,0,0
158.00,0,0
160.00,0,0
162.00,0,0
164.00,0,0
166.00,0,0
168.00,0,0
170.00,0,0
172.00,0,0
174.00,0,0
176.00,0,0
179.00,0,0
181.00,0,0
183.00,0,0
185.00,0,0
187.00,0,0
189.00,0,0
191.00,0,0
193.00,0,0
195.00,0,0
197.00,0,0
199.00,0,0
201.00,0,0
203.00,0,0
205.00,0,0
207.00,0,0
209.00,0,0
211.00,0,0
213.00,0,0
215.00,0,0
217.00,0,0
219.00,0,0
222.00,0,0
224.00,0,0
226.00,0,0
228.00,0,0
230.00,0,0
232.00,0,0
234.00,0,0
236.00,0,0
238.00,0,0
240.00,0,0
242.00,0,0
244.00,0,0
246.00,0,0
248.00,0,0
250.00,0,0
252.00,0,0
254.00,0,0
256.00,0,0
258.00,0,0
260.00,0,0
263.00,0,0
265.00,0,0
267.00,0,0
269.00,0,0
271.00,0,0
273.00,0,0
275.00,0,0
277.00,0,0
279.00,0,0
281.00,0,0
283.00,0,0
285.00,0,0
287.00,0,0
289.00,0,0
291.00,0,0
293.00,0,0
295.00,0,0
297.00,0,0
299.00,0,0
301.00,0,0
303.00,0,0
306.00,0,0
308.00,0,0
310.00,0,0
312.00,0,0
314.00,0,0
316.00,0,0
318.00,0,0
320.00,0,0
322.00,0,0
324.00,0,0
326.00,0,0
328.00,0,0
330.00,0,0
332.00,0,0
334.00,0,0
336.00,0,0
338.00,0,0
340.00,0,0
342.00,0,0
344.00,0,0
346.00,0,0
349.00,0,0
351.00,0,0
353.00,0,0
355.00,0,0
357.00,0,0
359.00,0,0
361.00,0,0
363.00,0,0
365.00,0,0
367.00,0,0
369.00,0,0
371.00,0,0
373.00,0,0
375.00,0,0
377.00,0,0
379.00,0,0
381.00,0,0
383.00,0,0
385.00,0,0
387.00,0,0
389.00,0,0
392.00,0,0
394.00,0,0
396.00,0,0
398.00,0,0
400.00,0,0
402.00,0,0
404.00,0,0
406.00,0,0
408.00,0,0
410.00,0,0
412.00,0,0
414.00,0,0
416.00,0,0
418.00,0,0
420.00,0,0
422.00,0,0
424.00,0,0
426.00,0,0
428.00,0,0
430.00,0,0
432.00,0,0
435.00,0,0
437.00,0,0
439.00,0,0
441.00,0,0
443.00,0,0
445.00,0,0
447.00,0,0
449.00,0,0
451.00,0,0
453.00,0,0
455.00,0,0
457.00,0,0
459.00,0,0
461.00,0,0
463.00,0,0
465.00,0,0
467.00,0,0
469.00,0,0
471.00,0,0
473.00,0,0
475.00,0,0
478.00,0,0
480.00,0,0
482.00,0,0
484.00,0,0
486.00,0,0
488.00,0,0
490.00,0,0
492.00,0,0
494.00,0,0
496.00,0,0
498.00,0,0
500.00,0,0
502.00,0,0
504.00,0,0
506.00,0,0
508.00,0,0
510.00,0,0
512.00,0,0
514.00,0,0
516.00,0,0
519.00,0,0
521.00,0,0
523.00,0,0
525.00,0,0
527.00,0,0
529.00,0,0
531.00,0,0
533.00,0,0
535.00,0,0
537.00,0,0
539.00,0,0
541.00,0,0
543.00,0,0
545.00,0,0
547.00,0,0
549.00,0,0
551.00,0,0
553.00,0,0
555.00,0,0
557.00,0,0
559.00,0,0
562.00,0,0
564.00,0,0
566.00,0,0
568.00,0,0
570.00,0,0
572.00,0,0
574.00,0,0
576.00,0,0
578.00,0,0
580.00,0,0
582.00,0,0
584.00,0,0
586.00,0,0
588.00,0,0
590.00,0,0
592.00,0,0
594.00,0,0
596.00,0,0
598.00,0,0
600.00,0,0
602.00,0,0
605.00,0,0
607.00,0,0
609.00,0,0
611.00,0,0
613.00,0,0
615.00,0,0
617.00,0,0
619.00,0,0
621.00,0,0
623.00,0,0
625.00,0,0
627.00,0,0
629.00,0,0
631.00,0,0
633.00,0,0
635.00,0,0
637.00,0,0
639.00,0,0
641.00,0,0
643.00,0,0
645.00,0,0
648.00,0,0
650.00,0,0
652.00,0,0
654.00,0,0
656.00,0,0
658.00,0,0
660.00,0,0
662.00,0,0
664.00,0,0
666.00,0,0
668.00,0,0
670.00,0,0
672.00,0,0
674.00,0,0
676.00,0,0
678.00,0,0
680.00,0,0
682.00,0,0
684.00,0,0
686.00,0,0
688.00,0,0
691.00,0,0
693.00,0,0
695.00,0,0
697.00,0,0
699.00,0,0
701.00,0,0
703.00,0,0
705.00,0,0
707.00,0,0
709.00,0,0
711.00,0,0
713.00,0,0
715.00,0,0
717.00,0,0
719.00,0,0
721.00,0,0
723.00,0,0
725.00,0,0
727.00,0,0
729.00,0,0
731.00,0,0
734.00,0,0
736.00,0,0
738.00,0,0
740.00,0,0
742.00,0,0
744.00,0,0
746.00,0,0
748.00,0,0
750.00,0,0
752.00,0,0
754.00,0,0
756.00,0,0
758.00,0,0
760.00,0,0
762.00,0,0
764.00,0,0
766.00,0,0
768.00,0,0
770.00,0,0
772.00,0,0
775.00,0,0
777.00,0,0
779.00,0,0
781.00,0,0
783.00,0,0
785.00,0,0
787.00,0,0
789.00,0,0
791.00,0,0
793.00,0,0
795.00,0,0
797.00,0,0
799.00,0,0
801.00,0,0
803.00,0,0
805.00,0,0
807.00,0,0
809.00,0,0
811.00,0,0
813.00,0,0
815.00,0,0
818.00,0,0
820.00,0,0
822.00,0,0
824.00,0,0
826.00,0,0
828.00,0,0
830.00,0,0
832.00,0,0
834.00,0,0
836.00,0,0
838.00,0,0
840.00,0,0
842.00,0,0
844.00,0,0
846.00,0,0
848.00,0,0
850.00,0,0
852.00,0,0
854.00,0,0
856.00,0,0
858.00,0,0
861.00,0,0
863.00,0,0
865.00,0,0
867.00,0,0
869.00,0,0
871.00,0,0
873.00,0,0
875.00,0,0
877.00,0,0
879.00,0,0
881.00,0,0
883.00,0,0
885.00,0,0
887.00,0,0
889.00,0,0
891.00,0,0
893.00,0,0
895.00,0,0
897.00,0,0
899.00,0,0
901.00,0,0
904.00,0,0
906.00,0,0
908.00,0,0
910.00,0,0
912.00,0,0
914.00,0,0
916.00,0,0
918.00,0,0
920.00,0,0
922.00,0,0
924.00,0,0
926.00,0,0
928.00,0,0
930.00,0,0
932.00,0,0
934.00,0,0
936.00,0,0
938.00,0,0
940.00,0,0
942.00,0,0
944.00,0,0
947.00,0,0
949.00,0,0
951.00,0,0
953.00,0,0
955.00,0,0
957.00,0,0
959.00,0,0
961.00,0,0
963.00,0,0
965.00,0,0
967.00,0,0
969.00,0,0
971.00,0,0
973.00,0,0
975.00,0,0
977.00,0,0
979.00,0,0
981.00,0,0
983.00,0,0
985.00,0,0
987.00,0,0
990.00,0,0
992.00,0,0
994.00,0,0
996.00,0,0
998.00,0,0
1000.00,0,0
1002.00,150,0
1004.00,150,0
1006.00,150,0
1008.00,150,0
1010.00,150,0
1012.00,150,0
1014.00,150,0
1016.00,150,1
1018.00,150,1
1020.00,150,2
1022.00,150,2
1024.00,150,3
1026.00,150,3
1028.00,150,4
1030.00,150,5
1033.00,150,5
1035.00,150,6
1037.00,150,7
1039.00,150,8
1041.00,150,9
1043.00,150,10
1045.00,150,11
1047.00,150,12
1049.00,150,13
1051.00,150,14
1053.00,150,15
1055.00,150,16
1057.00,150,17
1059.00,150,18
1061.00,150,20
1063.00,150,21
1065.00,150,22
1067.00,150,23
1069.00,150,25
1071.00,150,26
1074.00,150,27
1076.00,150,29
1078.00,150,30
1080.00,150,32
1082.00,150,33
1084.00,150,35
1086.00,150,36
1088.00,150,38
1090.00,150,39
1092.00,150,41
1094.00,150,43
1096.00,150,44
1098.00,150,46
1100.00,150,48
1102.00,150,50
1104.00,150,51
1106.00,150,53
1108.00,150,55
1110.00,150,57
1112.00,150,58
1114.00,150,60
1117.00,150,62
1119.00,150,64
1121.00,150,66
1123.00,150,68
1125.00,150,70
1127.00,150,71
1129.00,150,73
1131.00,150,75
1133.00,150,77
1135.00,150,79
1137.00,150,81
1139.00,150,83
1141.00,150,85
1143.00,150,87
1145.00,150,90
1147.00,150,92
1149.00,150,94
1151.00,150,96
1153.00,150,98
1155.00,150,100
1157.00,150,102
1160.00,150,104
1162.00,150,107
1164.00,150,109
1166.00,150,111
1168.00,150,113
1170.00,150,115
1172.00,150,118
1174.00,150,120
1176.00,150,122
1178.00,150,124
1180.00,150,127
1182.00,150,129
1184.00,150,131
1186.00,150,134
1188.00,150,136
1190.00,150,138
1192.00,150,141
1194.00,150,143
1196.00,150,145
1198.00,150,148
1200.00,150,150
1203.00,150,152
1205.00,150,155
1207.00,150,157
1209.00,150,160
1211.00,150,162
1213.00,150,165
1215.00,150,167
1217.00,150,169
1219.00,150,172
1221.00,150,174
1223.00,150,177
1225.00,150,179
1227.00,150,182
1229.00,150,184
1231.00,150,187
1233.00,150,189
1235.00,150,192
1237.00,150,194
1239.00,150,197
1241.00,150,200
1243.00,150,202
1246.00,150,205
1248.00,150,207
1250.00,150,210
1252.00,150,212
1254.00,150,215
1256.00,150,218
1258.00,150,220
1260.00,150,223
1262.00,150,226
1264.00,150,228
1266.00,150,231
1268.00,150,233
1270.00,150,236
1272.00,150,239
1274.00,150,241
1276.00,150,244
1278.00,150,247
1280.00,150,249
1282.00,150,252
1284.00,150,255
1286.00,150,257
1289.00,150,260
1291.00,150,263
1293.00,150,265
1295.00,150,268
1297.00,150,271
1299.00,150,274
1301.00,150,276
1303.00,150,279
1305.00,150,282
1307.00,150,285
1309.00,150,287
1311.00,150,290
1313.00,150,293
1315.00,150,296
1317.00,150,298
1319.00,150,301
1321.00,150,304
1323.00,150,307
1325.00,150,309
1327.00,150,312
1330.00,150,315
1332.00,150,318
1334.00,150,321
1336.00,150,323
1338.00,150,326
1340.00,150,329
1342.00,150,332
1344.00,150,335
1346.00,150,338
1348.00,150,340
1350.00,150,343
1352.00,150,346
1354.00,150,349
1356.00,150,352
1358.00,150,354
1360.00,150,357
1362.00,150,360
1364.00,150,363
1366.00,150,366
1368.00,150,369
1370.00,150,372
1373.00,150,375
1375.00,150,377
1377.00,150,380
1379.00,150,383
1381.00,150,386
1383.00,150,389
1385.00,150,392
1387.00,150,395
1389.00,150,398
1391.00,150,401
1393.00,150,403
1395.00,150,406
1397.00,150,409
1399.00,150,412
1401.00,150,415
1403.00,150,418
1405.00,150,421
1407.00,150,424
1409.00,150,427
1411.00,150,430
1413.00,150,433
1416.00,150,436
1418.00,150,438
1420.00,150,441
1422.00,150,444
1424.00,150,447
1426.00,150,450
1428.00,150,453
1430.00,150,456
1432.00,150,459
1434.00,150,462
1436.00,150,465
1438.00,150,468
1440.00,150,471
1442.00,150,474
1444.00,150,477
1446.00,150,480
1448.00,150,483
1450.00,150,486
1452.00,150,489
1454.00,150,492
1456.00,150,495
1459.00,150,498
1461.00,150,501
1463.00,150,504
1465.00,150,507
1467.00,150,510
1469.00,150,513
1471.00,150,516
1473.00,150,519
1475.00,150,522
1477.00,150,525
1479.00,150,528
1481.00,150,531
1483.00,150,534
1485.00,150,537
1487.00,150,539
1489.00,150,543
1491.00,150,546
1493.00,150,549
1495.00,150,552
1497.00,150,555
1499.00,150,558
1502.00,150,561
1504.00,150,564
1506.00,150,567
1508.00,150,570
1510.00,150,573
1512.00,150,576
1514.00,150,579
1516.00,150,582
1518.00,150,585
1520.00,150,588
1522.00,150,591
1524.00,150,594
1526.00,150,597
1528.00,150,600
1530.00,150,603
1532.00,150,606
1534.00,150,609
1536.00,150,612
1538.00,150,615
1540.00,150,618
1542.00,150,621
1545.00,150,624
1547.00,150,627
1549.00,150,630
1551.00,150,633
1553.00,150,636
1555.00,150,640
1557.00,150,643
1559.00,150,646
1561.00,150,649
1563.00,150,652
1565.00,150,655
1567.00,150,658
1569.00,150,661
1571.00,150,664
1573.00,150,667
1575.00,150,670
1577.00,150,673
1579.00,150,676
1581.00,150,679
1583.00,150,682
1586.00,150,685
1588.00,150,688
1590.00,150,692
1592.00,150,695
1594.00,150,698
1596.00,150,701
1598.00,150,704
1600.00,150,707
1602.00,150,710
1604.00,150,713
1606.00,150,716
1608.00,150,719
1610.00,150,722
1612.00,150,725
1614.00,150,728
1616.00,150,731
1618.00,150,735
1620.00,150,738
1622.00,150,741
1624.00,150,744
1626.00,150,747
1629.00,150,750
1631.00,150,753
1633.00,150,756
1635.00,150,759
1637.00,150,762
1639.00,150,765
1641.00,150,769
1643.00,150,772
1645.00,150,775
1647.00,150,778
1649.00,150,781
1651.00,150,784
1653.00,150,787
1655.00,150,790
1657.00,150,793
1659.00,150,796
1661.00,150,799
1663.00,150,803
1665.00,150,806
1667.00,150,809
1669.00,150,812
1672.00,150,815
1674.00,150,818
1676.00,150,821
1678.00,150,824
1680.00,150,827
1682.00,150,830
1684.00,150,834
1686.00,150,837
1688.00,150,840
1690.00,150,843
1692.00,150,846
1694.00,150,849
1696.00,150,852
1698.00,150,855
1700.00,150,858
1702.00,150,861
1704.00,150,865
1706.00,150,868
1708.00,150,871
1710.00,150,874
1712.00,150,877
1715.00,150,880
1717.00,150,883
1719.00,150,886
1721.00,150,889
1723.00,150,893
1725.00,150,896
1727.00,150,899
1729.00,150,902
1731.00,150,905
1733.00,150,908
1735.00,150,911
1737.00,150,914
1739.00,150,917
1741.00,150,921
1743.00,150,924
1745.00,150,927
1747.00,150,930
1749.00,150,933
1751.00,0,936
1753.00,0,939
1755.00,0,942
1758.00,0,945
1760.00,0,948
1762.00,0,951
1764.00,0,954
1766.00,0,958
1768.00,0,961
1770.00,0,964
1772.00,0,967
1774.00,0,970
1776.00,0,973
1778.00,0,976
1780.00,0,979
1782.00,0,981
1784.00,0,984
1786.00,0,987
1788.00,0,990
1790.00,0,993
1792.00,0,996
1794.00,0,999
1796.00,0,1002
1799.00,0,1005
1801.00,0,1007
1803.00,0,1010
1805.00,0,1013
1807.00,0,1016
1809.00,0,1019
1811.00,0,1021
1813.00,0,1024
1815.00,0,1027
1817.00,0,1030
1819.00,0,1032
1821.00,0,1035
1823.00,0,1038
1825.00,0,1041
1827.00,0,1043
1829.00,0,1046
1831.00,0,1049
1833.00,0,1051
1835.00,0,1054
1837.00,0,1057
1839.00,0,1059
1842.00,0,1062
1844.00,0,1064
1846.00,0,1067
1848.00,0,1069
1850.00,0,1072
1852.00,0,1075
1854.00,0,1077
1856.00,0,1080
1858.00,0,1082
1860.00,0,1085
1862.00,0,1087
1864.00,0,1090
1866.00,0,1092
1868.00,0,1095
1870.00,0,1097
1872.00,0,1099
1874.00,0,1102
1876.00,0,1104
1878.00,0,1107
1880.00,0,1109
1882.00,0,1111
1885.00,0,1114
1887.00,0,1116
1889.00,0,1118
1891.00,0,1121
1893.00,0,1123
1895.00,0,1125
1897.00,0,1128
1899.00,0,1130
1901.00,0,1132
1903.00,0,1135
1905.00,0,1137
1907.00,0,1139
1909.00,0,1141
1911.00,0,1144
1913.00,0,1146
1915.00,0,1148
1917.00,0,1150
1919.00,0,1152
1921.00,0,1155
1923.00,0,1157
1925.00,0,1159
1928.00,0,1161
1930.00,0,1163
1932.00,0,1165
1934.00,0,1167
1936.00,0,1169
1938.00,0,1171
1940.00,0,1174
1942.00,0,1176
1944.00,0,1178
1946.00,0,1180
1948.00,0,1182
1950.00,0,1184
1952.00,0,1186
1954.00,0,1188
1956.00,0,1190
1958.00,0,1192
1960.00,0,1194
1962.00,0,1196
1964.00,0,1198
1966.00,0,1200
1968.00,0,1201
1971.00,0,1203
1973.00,0,1205
1975.00,0,1207
1977.00,0,1209
1979.00,0,1211
1981.00,0,1213
1983.00,0,1215
1985.00,0,1217
1987.00,0,1218
1989.00,0,1220
1991.00,0,1222
1993.00,0,1224
1995.00,0,1226
1997.00,0,1227
1999.00,0,1229
2001.00,0,1231
2003.00,0,1233
2005.00,0,1234
2007.00,0,1236
2009.00,0,1238
2011.00,0,1240
2014.00,0,1241
2016.00,0,1243
2018.00,0,1245
2020.00,0,1246
2022.00,0,1248
2024.00,0,1250
2026.00,0,1251
2028.00,0,1253
2030.00,0,1255
2032.00,0,1256
2034.00,0,1258
2036.00,0,1259
2038.00,0,1261
2040.00,0,1263
2042.00,0,1264
2044.00,0,1266
2046.00,0,1267
2048.00,0,1269
2050.00,0,1270
2052.00,0,1272
2055.00,0,1274
2057.00,0,1275
2059.00,0,1277
2061.00,0,1278
2063.00,0,1280
2065.00,0,1281
2067.00,0,1282
2069.00,0,1284
2071.00,0,1285
2073.00,0,1287
2075.00,0,1288
2077.00,0,1290
2079.00,0,1291
2081.00,0,1292
2083.00,0,1294
2085.00,0,1295
2087.00,0,1297
2089.00,0,1298
2091.00,0,1299
2093.00,0,1301
2095.00,0,1302
2098.00,0,1303
2100.00,0,1305
2102.00,0,1306
2104.00,0,1307
2106.00,0,1309
2108.00,0,1310
2110.00,0,1311
2112.00,0,1312
2114.00,0,1314
2116.00,0,1315
2118.00,0,1316
2120.00,0,1317
2122.00,0,1319
2124.00,0,1320
2126.00,0,1321
2128.00,0,1322
2130.00,0,1323
2132.00,0,1325
2134.00,0,1326
2136.00,0,1327
2138.00,0,1328
2141.00,0,1329
2143.00,0,1330
2145.00,0,1332
2147.00,0,1333
2149.00,0,1334
2151.00,0,1335
2153.00,0,1336
2155.00,0,1337
2157.00,0,1338
2159.00,0,1339
2161.00,0,1340
2163.00,0,1341
2165.00,0,1342
2167.00,0,1343
2169.00,0,1344
2171.00,0,1346
2173.00,0,1347
2175.00,0,1348
2177.00,0,1349
2179.00,0,1350
2181.00,0,1350
2184.00,0,1351
2186.00,0,1352
2188.00,0,1353
2190.00,0,1354
2192.00,0,1355
2194.00,0,1356
2196.00,0,1357
2198.00,0,1358
2200.00,0,1359
2202.00,0,1360
2204.00,0,1361
2206.00,0,1362
2208.00,0,1363
2210.00,0,1364
2212.00,0,1364
2214.00,0,1365
2216.00,0,1366
2218.00,0,1367
2220.00,0,1368
2222.00,0,1369
2224.00,0,1369
2227.00,0,1370
2229.00,0,1371
2231.00,0,1372
2233.00,0,1373
2235.00,0,1373
2237.00,0,1374
2239.00,0,1375
2241.00,0,1376
2243.00,0,1377
2245.00,0,1377
2247.00,0,1378
2249.00,0,1379
2251.00,0,1380
2253.00,0,1380
2255.00,0,1381
2257.00,0,1382
2259.00,0,1382
2261.00,0,1383
2263.00,0,1384
2265.00,0,1384
2267.00,0,1385
2270.00,0,1386
2272.00,0,1386
2274.00,0,1387
2276.00,0,1388
2278.00,0,1388
2280.00,0,1389
2282.00,0,1390
2284.00,0,1390
2286.00,0,1391
2288.00,0,1392
2290.00,0,1392
2292.00,0,1393
2294.00,0,1393
2296.00,0,1394
2298.00,0,1394
2300.00,0,1395
2302.00,0,1396
2304.00,0,1396
2306.00,0,1397
2308.00,0,1397
2311.00,0,1398
2313.00,0,1398
2315.00,0,1399
2317.00,0,1399
2319.00,0,1400
2321.00,0,1400
2323.00,0,1401
2325.00,0,1401
2327.00,0,1402
2329.00,0,1402
2331.00,0,1403
2333.00,0,1403
2335.00,0,1403
2337.00,0,1404
2339.00,0,1404
2341.00,0,1405
2343.00,0,1405
2345.00,0,1406
2347.00,0,1406
2349.00,0,1407
2351.00,0,1407
2354.00,0,1407
2356.00,0,1408
2358.00,0,1408
2360.00,0,1408
2362.00,0,1409
2364.00,0,1409
2366.00,0,1410
2368.00,0,1410
2370.00,0,1410
2372.00,0,1411
2374.00,0,1411
2376.00,0,1411
2378.00,0,1412
2380.00,0,1412
2382.00,0,1412
2384.00,0,1413
2386.00,0,1413
2388.00,0,1413
2390.00,0,1413
2392.00,0,1414
2394.00,0,1414
2397.00,0,1414
2399.00,0,1414
2401.00,0,1415
2403.00,0,1415
2405.00,0,1415
2407.00,0,1415
2409.00,0,1416
2411.00,0,1416
2413.00,0,1416
2415.00,0,1416
2417.00,0,1417
2419.00,0,1417
2421.00,0,1417
2423.00,0,1417
2425.00,0,1417
2427.00,0,1417
2429.00,0,1418
2431.00,0,1418
2433.00,0,1418
2435.00,0,1418
2437.00,0,1418
2440.00,0,1418
2442.00,0,1419
2444.00,0,1419
2446.00,0,1419
2448.00,0,1419
2450.00,0,1419
2452.00,0,1419
2454.00,0,1419
2456.00,0,1419
2458.00,0,1420
2460.00,0,1420
2462.00,0,1420
2464.00,0,1420
2466.00,0,1420
2468.00,0,1420
2470.00,0,1420
2472.00,0,1420
2474.00,0,1420
2476.00,0,1420
2478.00,0,1420
2480.00,0,1420
2483.00,0,1420
2485.00,0,1420
2487.00,0,1420
2489.00,0,1420
2491.00,0,1421
2493.00,0,1421
2495.00,0,1421
2497.00,0,1421
2499.00,0,1421
2501.00,0,1421
2503.00,0,1421
2505.00,0,1421
2507.00,0,1421
2509.00,0,1421
2511.00,0,1421
2513.00,0,1421
2515.00,0,1421
2517.00,0,1421
2519.00,0,1421
2521.00,0,1421
2523.00,0,1421
2526.00,0,1421
2528.00,0,1421
2530.00,0,1421
2532.00,0,1421
2534.00,0,1421
2536.00,0,1421
2538.00,0,1421
2540.00,0,1421
2542.00,0,1421
2544.00,0,1421
2546.00,0,1421
2548.00,0,1421
2550.00,0,1421
2552.00,0,1421
2554.00,0,1421
2556.00,0,1421
2558.00,0,1421
2560.00,0,1421
2562.00,0,1421
2564.00,0,1421
2567.00,0,1421
2569.00,0,1421
2571.00,0,1421
2573.00,0,1421
2575.00,0,1421
2577.00,0,1421
2579.00,0,1421
2581.00,0,1421
2583.00,0,1421
2585.00,0,1421
2587.00,0,1421
2589.00,0,1421
2591.00,0,1421
2593.00,0,1421
2595.00,0,1421
2597.00,0,1421
2599.00,0,1421
2601.00,0,1421
2603.00,0,1421
2605.00,0,1421
2607.00,0,1421
2610.00,0,1421
2612.00,0,1421
2614.00,0,1421
2616.00,0,1421
2618.00,0,1421
2620.00,0,1421
2622.00,0,1421
2624.00,0,1421
2626.00,0,1421
2628.00,0,1421
2630.00,0,1421
2632.00,0,1421
2634.00,0,1421
2636.00,0,1421
2638.00,0,1421
2640.00,0,1421
2642.00,0,1421
2644.00,0,1421
2646.00,0,1421
2648.00,0,1421
2650.00,0,1421
2653.00,0,1421
2655.00,0,1421
2657.00,0,1421
2659.00,0,1421
2661.00,0,1421
2663.00,0,1421
2665.00,0,1421
2667.00,0,1421
2669.00,0,1421
2671.00,0,1421
2673.00,0,1421
2675.00,0,1421
2677.00,0,1421
2679.00,0,1421
2681.00,0,1421
2683.00,0,1421
2685.00,0,1421
2687.00,0,1421
2689.00,0,1421
2691.00,0,1421
2693.00,0,1421
2696.00,0,1421
2698.00,0,1421
2700.00,0,1421
2702.00,0,1421
2704.00,0,1421
2706.00,0,1421
2708.00,0,1421
2710.00,0,1421
2712.00,0,1421
2714.00,0,1421
2716.00,0,1421
2718.00,0,1421
2720.00,0,1421
2722.00,0,1421
2724.00,0,1421
2726.00,0,1421
2728.00,0,1421
2730.00,0,1421
2732.00,0,1421
2734.00,0,1421
2736.00,0,1421
2739.00,0,1421
2741.00,0,1421
2743.00,0,1421
2745.00,0,1421
2747.00,0,1421
2749.00,0,1421
2751.00,0,1421
2753.00,0,1421
2755.00,0,1421
2757.00,0,1421
2759.00,0,1421
2761.00,0,1421
2763.00,0,1421
2765.00,0,1421
2767.00,0,1421
2769.00,0,1421
2771.00,0,1421
2773.00,0,1421
2775.00,0,1421
2777.00,0,1421
2779.00,0,1421
2782.00,0,1421
2784.00,0,1421
2786.00,0,1421
2788.00,0,1421
2790.00,0,1421
2792.00,0,1421
2794.00,0,1421
2796.00,0,1421
2798.00,0,1421
2800.00,0,1421
2802.00,0,1421
2804.00,0,1421
2806.00,0,1421
2808.00,0,1421
2810.00,0,1421
2812.00,0,1421
2814.00,0,1421
2816.00,0,1421
2818.00,0,1421
2820.00,0,1421
2823.00,0,1421
2825.00,0,1421
2827.00,0,1421
2829.00,0,1421
2831.00,0,1421
2833.00,0,1421
2835.00,0,1421
2837.00,0,1421
2839.00,0,1421
2841.00,0,1421
2843.00,0,1421
2845.00,0,1421
2847.00,0,1421
2849.00,0,1421
2851.00,0,1421
2853.00,0,1421
2855.00,0,1421
2857.00,0,1421
2859.00,0,1421
2861.00,0,1421
2863.00,0,1421
2866.00,0,1421
2868.00,0,1421
2870.00,0,1421
2872.00,0,1421
2874.00,0,1421
2876.00,0,1421
2878.00,0,1421
2880.00,0,1421
2882.00,0,1421
2884.00,0,1421
2886.00,0,1421
2888.00,0,1421
2890.00,0,1421
2892.00,0,1421
2894.00,0,1421
2896.00,0,1421
2898.00,0,1421
2900.00,0,1421
2902.00,0,1421
2904.00,0,1421
2906.00,0,1421
2909.00,0,1421
2911.00,0,1421
2913.00,0,1421
2915.00,0,1421
2917.00,0,1421
2919.00,0,1421
2921.00,0,1421
2923.00,0,1421
2925.00,0,1421
2927.00,0,1421
2929.00,0,1421
2931.00,0,1421
2933.00,0,1421
2935.00,0,1421
2937.00,0,1421
2939.00,0,1421
2941.00,0,1421
2943.00,0,1421
2945.00,0,1421
2947.00,0,1421
2949.00,0,1421
2952.00,0,1421
2954.00,0,1421
2956.00,0,1421
2958.00,0,1421
2960.00,0,1421
2962.00,0,1421
2964.00,0,1421
2966.00,0,1421
2968.00,0,1421
2970.00,0,1421
2972.00,0,1421
2974.00,0,1421
2976.00,0,1421
2978.00,0,1421
2980.00,0,1421
2982.00,0,1421
2984.00,0,1421
2986.00,0,1421
2988.00,0,1421
2990.00,0,1421
2992.00,0,1421
2995.00,0,1421
2997.00,0,1421
2999.00,0,1421
3001.00,0,1421
3003.00,0,1421
3005.00,0,1421
3007.00,0,1421
3009.00,0,1421
3011.00,0,1421
3013.00,0,1421
3015.00,0,1421
3017.00,0,1421
3019.00,0,1421
3021.00,0,1421
3023.00,0,1421
3025.00,0,1421
3027.00,0,1421
3029.00,0,1421
3031.00,0,1421
3033.00,0,1421
3035.00,0,1421
3038.00,0,1421
3040.00,0,1421
3042.00,0,1421
3044.00,0,1421
3046.00,0,1421
3048.00,0,1421
3050.00,0,1421
3052.00,0,1421
3054.00,0,1421
3056.00,0,1421
3058.00,0,1421
3060.00,0,1421
3062.00,0,1421
3064.00,0,1421
3066.00,0,1421
3068.00,0,1421
3070.00,0,1421
3072.00,0,1421
3074.00,0,1421
3076.00,0,1421
3079.00,0,1421
3081.00,0,1421
3083.00,0,1421
3085.00,0,1421
3087.00,0,1421
3089.00,0,1421
3091.00,0,1421
3093.00,0,1421
3095.00,0,1421
3097.00,0,1421
3099.00,0,1421
3101.00,0,1421
3103.00,0,1421
3105.00,0,1421
3107.00,0,1421
3109.00,0,1421
3111.00,0,1421
3113.00,0,1421
3115.00,0,1421
3117.00,0,1421
3119.00,0,1421
3122.00,0,1421
3124.00,0,1421
3126.00,0,1421
3128.00,0,1421
3130.00,0,1421
3132.00,0,1421
3134.00,0,1421
3136.00,0,1421
3138.00,0,1421
3140.00,0,1421
3142.00,0,1421
3144.00,0,1421
3146.00,0,1421
3148.00,0,1421
3150.00,0,1421
3152.00,0,1421
3154.00,0,1421
3156.00,0,1421
3158.00,0,1421
3160.00,0,1421
3162.00,0,1421
3165.00,0,1421
3167.00,0,1421
3169.00,0,1421
3171.00,0,1421
3173.00,0,1421
3175.00,0,1421
3177.00,0,1421
3179.00,0,1421
3181.00,0,1421
3183.00,0,1421
3185.00,0,1421
3187.00,0,1421
3189.00,0,1421
3191.00,0,1421
3193.00,0,1421
3195.00,0,1421
3197.00,0,1421
3199.00,0,1421
3201.00,0,1421
3203.00,0,1421
3205.00,0,1421
3208.00,0,1421
3210.00,0,1421
3212.00,0,1421
3214.00,0,1421
3216.00,0,1421
3218.00,0,1421
3220.00,0,1421
3222.00,0,1421
3224.00,0,1421
3226.00,0,1421
3228.00,0,1421
3230.00,0,1421
3232.00,0,1421
3234.00,0,1421
3236.00,0,1421
3238.00,0,1421
3240.00,0,1421
3242.00,0,1421
3244.00,0,1421
3246.00,0,1421
3248.00,0,1421
3251.00,0,1421
3253.00,0,1421
3255.00,0,1421
3257.00,0,1421
3259.00,0,1421
3261.00,0,1421
3263.00,0,1421
3265.00,0,1421
3267.00,0,1421
3269.00,0,1421
3271.00,0,1421
3273.00,0,1421
3275.00,0,1421
3277.00,0,1421
3279.00,0,1421
3281.00,0,1421
3283.00,0,1421
3285.00,0,1421
3287.00,0,1421
3289.00,0,1421
3291.00,0,1421
3294.00,0,1421
3296.00,0,1421
3298.00,0,1421
3300.00,0,1421
3302.00,0,1421
3304.00,0,1421
3306.00,0,1421
3308.00,0,1421
3310.00,0,1421
3312.00,0,1421
3314.00,0,1421
3316.00,0,1421
3318.00,0,1421
3320.00,0,1421
3322.00,0,1421
3324.00,0,1421
3326.00,0,1421
3328.00,0,1421
3330.00,0,1421
3332.00,0,1421
3335.00,0,1421
3337.00,0,1421
3339.00,0,1421
3341.00,0,1421
3343.00,0,1421
3345.00,0,1421
3347.00,0,1421
3349.00,0,1421
3351.00,0,1421
3353.00,0,1421
3355.00,0,1421
3357.00,0,1421
3359.00,0,1421
3361.00,0,1421
3363.00,0,1421
3365.00,0,1421
3367.00,0,1421
3369.00,0,1421
3371.00,0,1421
3373.00,0,1421
3375.00,0,1421
3378.00,0,1421
3380.00,0,1421
3382.00,0,1421
3384.00,0,1421
3386.00,0,1421
3388.00,0,1421
3390.00,0,1421
3392.00,0,1421
3394.00,0,1421
3396.00,0,1421
3398.00,0,1421
3400.00,0,1421
3402.00,0,1421
3404.00,0,1421
3406.00,0,1421
3408.00,0,1421
3410.00,0,1421
3412.00,0,1421
3414.00,0,1421
3416.00,0,1421
3418.00,0,1421
3421.00,0,1421
3423.00,0,1421
3425.00,0,1421
3427.00,0,1421
3429.00,0,1421
3431.00,0,1421
3433.00,0,1421
3435.00,0,1421
3437.00,0,1421
3439.00,0,1421
3441.00,0,1421
3443.00,0,1421
3445.00,0,1421
3447.00,0,1421
3449.00,0,1421
3451.00,0,1421
3453.00,0,1421
3455.00,0,1421
3457.00,0,1421
3459.00,0,1421
3461.00,0,1421
3464.00,0,1421
3466.00,0,1421
3468.00,0,1421
3470.00,0,1421
3472.00,0,1421
3474.00,0,1421
3476.00,0,1421
3478.00,0,1421
3480.00,0,1421
3482.00,0,1421
3484.00,0,1421
3486.00,0,1421
3488.00,0,1421
3490.00,0,1421
3492.00,0,1421
3494.00,0,1421
3496.00,0,1421
3498.00,0,1421
3500.00,0,1421
3502.00,0,1421
3504.00,0,1421
3507.00,0,1421
3509.00,0,1421
3511.00,0,1421
3513.00,0,1421
3515.00,0,1421
3517.00,0,1421
3519.00,0,1421
3521.00,0,1421
3523.00,0,1421
3525.00,0,1421
3527.00,0,1421
3529.00,0,1421
3531.00,0,1421
3533.00,0,1421
3535.00,0,1421
3537.00,0,1421
3539.00,0,1421
3541.00,0,1421
3543.00,0,1421
3545.00,0,1421
3547.00,0,1421
3550.00,0,1421
3552.00,0,1421
3554.00,0,1421
3556.00,0,1421
3558.00,0,1421
3560.00,0,1421
3562.00,0,1421
3564.00,0,1421
3566.00,0,1421
3568.00,0,1421
3570.00,0,1421
3572.00,0,1421
3574.00,0,1421
3576.00,0,1421
3578.00,0,1421
3580.00,0,1421
3582.00,0,1421
3584.00,0,1421
3586.00,0,1421
3588.00,0,1421
3591.00,0,1421
3593.00,0,1421
3595.00,0,1421
3597.00,0,1421
3599.00,0,1421
3601.00,0,1421
3603.00,0,1421
3605.00,0,1421
3607.00,0,1421
3609.00,0,1421
3611.00,0,1421
3613.00,0,1421
3615.00,0,1421
3617.00,0,1421
3619.00,0,1421
3621.00,0,1421
3623.00,0,1421
3625.00,0,1421
3627.00,0,1421
3629.00,0,1421
3631.00,0,1421
3634.00,0,1421
3636.00,0,1421
3638.00,0,1421
3640.00,0,1421
3642.00,0,1421
3644.00,0,1421
3646.00,0,1421
3648.00,0,1421
3650.00,0,1421
3652.00,0,1421
3654.00,0,1421
3656.00,0,1421
3658.00,0,1421
3660.00,0,1421
3662.00,0,1421
3664.00,0,1421
3666.00,0,1421
3668.00,0,1421
3670.00,0,1421
3672.00,0,1421
3674.00,0,1421
3677.00,0,1421
3679.00,0,1421
3681.00,0,1421
3683.00,0,1421
3685.00,0,1421
3687.00,0,1421
3689.00,0,1421
3691.00,0,1421
3693.00,0,1421
3695.00,0,1421
3697.00,0,1421
3699.00,0,1421
3701.00,0,1421
3703.00,0,1421
3705.00,0,1421
3707.00,0,1421
3709.00,0,1421
3711.00,0,1421
3713.00,0,1421
3715.00,0,1421
3717.00,0,1421
3720.00,0,1421
3722.00,0,1421
3724.00,0,1421
3726.00,0,1421
3728.00,0,1421
3730.00,0,1421
3732.00,0,1421
3734.00,0,1421
3736.00,0,1421
3738.00,0,1421
3740.00,0,1421
3742.00,0,1421
3744.00,0,1421
3746.00,0,1421
3748.00,0,1421
3750.00,0,1421
3752.00,0,1421
3754.00,0,1421
3756.00,0,1421
3758.00,0,1421
3760.00,0,1421
3763.00,0,1421
3765.00,0,1421
3767.00,0,1421
3769.00,0,1421
3771.00,0,1421
3773.00,0,1421
3775.00,0,1421
3777.00,0,1421
3779.00,0,1421
3781.00,0,1421
3783.00,0,1421
3785.00,0,1421
3787.00,0,1421
3789.00,0,1421
3791.00,0,1421
3793.00,0,1421
3795.00,0,1421
3797.00,0,1421
3799.00,0,1421
3801.00,0,1421
3803.00,0,1421
3806.00,0,1421
3808.00,0,1421
3810.00,0,1421
3812.00,0,1421
3814.00,0,1421
3816.00,0,1421
3818.00,0,1421
3820.00,0,1421
3822.00,0,1421
3824.00,0,1421
3826.00,0,1421
3828.00,0,1421
3830.00,0,1421
3832.00,0,1421
3834.00,0,1421
3836.00,0,1421
3838.00,0,1421
3840.00,0,1421
3842.00,0,1421
3844.00,0,1421
3847.00,0,1421
3849.00,0,1421
3851.00,0,1421
3853.00,0,1421
3855.00,0,1421
3857.00,0,1421
3859.00,0,1421
3861.00,0,1421
3863.00,0,1421
3865.00,0,1421
3867.00,0,1421
3869.00,0,1421
3871.00,0,1421
3873.00,0,1421
3875.00,0,1421
3877.00,0,1421
3879.00,0,1421
3881.00,0,1421
3883.00,0,1421
3885.00,0,1421
3887.00,0,1421
3890.00,0,1421
3892.00,0,1421
3894.00,0,1421
3896.00,0,1421
3898.00,0,1421
3900.00,0,1421
3902.00,0,1421
3904.00,0,1421
3906.00,0,1421
3908.00,0,1421
3910.00,0,1421
3912.00,0,1421
3914.00,0,1421
3916.00,0,1421
3918.00,0,1421
3920.00,0,1421
3922.00,0,1421
3924.00,0,1421
3926.00,0,1421
3928.00,0,1421
3930.00,0,1421
3933.00,0,1421
3935.00,0,1421
3937.00,0,1421
3939.00,0,1421
3941.00,0,1421
3943.00,0,1421
3945.00,0,1421
3947.00,0,1421
3949.00,0,1421
3951.00,0,1421
3953.00,0,1421
3955.00,0,1421
3957.00,0,1421
3959.00,0,1421
3961.00,0,1421
3963.00,0,1421
3965.00,0,1421
3967.00,0,1421
3969.00,0,1421
3971.00,0,1421
3973.00,0,1421
3976.00,0,1421
3978.00,0,1421
3980.00,0,1421
3982.00,0,1421
3984.00,0,1421
3986.00,0,1421
3988.00,0,1421
3990.00,0,1421
3992.00,0,1421
3994.00,0,1421
3996.00,0,1421
3998.00,0,1421
4000.00,0,1421
4002.00,0,1421
4004.00,0,1421
4006.00,0,1421
4008.00,0,1421
4010.00,0,1421
4012.00,0,1421
4014.00,0,1421
4016.00,0,1421
4019.00,0,1421
4021.00,0,1421
4023.00,0,1421
4025.00,0,1421
4027.00,0,1421
4029.00,0,1421
4031.00,0,1421
4033.00,0,1421
4035.00,0,1421
4037.00,0,1421
4039.00,0,1421
4041.00,0,1421
4043.00,0,1421
4045.00,0,1421
4047.00,0,1421
4049.00,0,1421
4051.00,0,1421
4053.00,0,1421
4055.00,0,1421
4057.00,0,1421
4059.00,0,1421
4062.00,0,1421
4064.00,0,1421
4066.00,0,1421
4068.00,0,1421
4070.00,0,1421
4072.00,0,1421
4074.00,0,1421
4076.00,0,1421
4078.00,0,1421
4080.00,0,1421
4082.00,0,1421
4084.00,0,1421
4086.00,0,1421
4088.00,0,1421
4090.00,0,1421
4092.00,0,1421
4094.00,0,1421
4096.00,0,1421
4098.00,0,1421
4100.00,0,1421
4103.00,0,1421
4105.00,0,1421
4107.00,0,1421
4109.00,0,1421
4111.00,0,1421
4113.00,0,1421
4115.00,0,1421
4117.00,0,1421
4119.00,0,1421
4121.00,0,1421
4123.00,0,1421
4125.00,0,1421
4127.00,0,1421
4129.00,0,1421
4131.00,0,1421
4133.00,0,1421
4135.00,0,1421
4137.00,0,1421
4139.00,0,1421
4141.00,0,1421
4143.00,0,1421
4146.00,0,1421
4148.00,0,1421
4150.00,0,1421
4152.00,0,1421
4154.00,0,1421
4156.00,0,1421
4158.00,0,1421
4160.00,0,1421
4162.00,0,1421
4164.00,0,1421
4166.00,0,1421
4168.00,0,1421
4170.00,0,1421
4172.00,0,1421
4174.00,0,1421
4176.00,0,1421
4178.00,0,1421
4180.00,0,1421
4182.00,0,1421
4184.00,0,1421
4186.00,0,1421
4189.00,0,1421
4191.00,0,1421
4193.00,0,1421
4195.00,0,1421
4197.00,0,1421
4199.00,0,1421
4201.00,0,1421
4203.00,0,1421
4205.00,0,1421
4207.00,0,1421
4209.00,0,1421
4211.00,0,1421
4213.00,0,1421
4215.00,0,1421
4217.00,0,1421
4219.00,0,1421
4221.00,0,1421
4223.00,0,1421
4225.00,0,1421
4227.00,0,1421
4229.00,0,1421
4232.00,0,1421
4234.00,0,1421
4236.00,0,1421
4238.00,0,1421
4240.00,0,1421
4242.00,0,1421
4244.00,0,1421
4246.00,0,1421
4248.00,0,1421
4250.00,0,1421
4252.00,0,1421
4254.00,0,1421
4256.00,0,1421
4258.00,0,1421
4260.00,0,1421
4262.00,0,1421
4264.00,0,1421
4266.00,0,1421
4268.00,0,1421
4270.00,0,1421
4272.00,0,1421
4275.00,0,1421
4277.00,0,1421
4279.00,0,1421
4281.00,0,1421
4283.00,0,1421
4285.00,0,1421
4287.00,0,1421
4289.00,0,1421
4291.00,0,1421
4293.00,0,1421
4295.00,0,1421
4297.00,0,1421
4299.00,0,1421
4301.00,0,1421
4303.00,0,1421
4305.00,0,1421
4307.00,0,1421
4309.00,0,1421
4311.00,0,1421
4313.00,0,1421
4315.00,0,1421
4318.00,0,1421
4320.00,0,1421
4322.00,0,1421
4324.00,0,1421
4326.00,0,1421
4328.00,0,1421
4330.00,0,1421
4332.00,0,1421
4334.00,0,1421
4336.00,0,1421
4338.00,0,1421
4340.00,0,1421
4342.00,0,1421
4344.00,0,1421
4346.00,0,1421
4348.00,0,1421
4350.00,0,1421
4352.00,0,1421
4354.00,0,1421
4356.00,0,1421
4359.00,0,1421
4361.00,0,1421
4363.00,0,1421
4365.00,0,1421
4367.00,0,1421
4369.00,0,1421
4371.00,0,1421
4373.00,0,1421
4375.00,0,1421
4377.00,0,1421
4379.00,0,1421
4381.00,0,1421
4383.00,0,1421
4385.00,0,1421
4387.00,0,1421
4389.00,0,1421
4391.00,0,1421
4393.00,0,1421
4395.00,0,1421
4397.00,0,1421
4399.00,0,1421
4402.00,0,1421
4404.00,0,1421
4406.00,0,1421
4408.00,0,1421
4410.00,0,1421
4412.00,0,1421
4414.00,0,1421
4416.00,0,1421
4418.00,0,1421
4420.00,0,1421
4422.00,0,1421
4424.00,0,1421
4426.00,0,1421
4428.00,0,1421
4430.00,0,1421
4432.00,0,1421
4434.00,0,1421
4436.00,0,1421
4438.00,0,1421
4440.00,0,1421
4442.00,0,1421
4445.00,0,1421
4447.00,0,1421
4449.00,0,1421
4451.00,0,1421
4453.00,0,1421
4455.00,0,1421
4457.00,0,1421
4459.00,0,1421
4461.00,0,1421
4463.00,0,1421
4465.00,0,1421
4467.00,0,1421
4469.00,0,1421
4471.00,0,1421
4473.00,0,1421
4475.00,0,1421
4477.00,0,1421
4479.00,0,1421
4481.00,0,1421
4483.00,0,1421
4485.00,0,1421
4488.00,0,1421
4490.00,0,1421
4492.00,0,1421
4494.00,0,1421
4496.00,0,1421
4498.00,0,1421
4500.00,0,1421
4502.00,0,1421
4504.00,0,1421
4506.00,0,1421
4508.00,0,1421
4510.00,0,1421
4512.00,0,1421
4514.00,0,1421
4516.00,0,1421
4518.00,0,1421
4520.00,0,1421
4522.00,0,1421
4524.00,0,1421
4526.00,0,1421
4528.00,0,1421
4531.00,0,1421
4533.00,0,1421
4535.00,0,1421
4537.00,0,1421
4539.00,0,1421
4541.00,0,1421
4543.00,0,1421
4545.00,0,1421
4547.00,0,1421
4549.00,0,1421
4551.00,0,1421
4553.00,0,1421
4555.00,0,1421
4557.00,0,1421
4559.00,0,1421
4561.00,0,1421
4563.00,0,1421
4565.00,0,1421
4567.00,0,1421
4569.00,0,1421
4571.00,0,1421
4574.00,0,1421
4576.00,0,1421
4578.00,0,1421
4580.00,0,1421
4582.00,0,1421
4584.00,0,1421
4586.00,0,1421
4588.00,0,1421
4590.00,0,1421
4592.00,0,1421
4594.00,0,1421
4596.00,0,1421
4598.00,0,1421
4600.00,0,1421
4602.00,0,1421
4604.00,0,1421
4606.00,0,1421
4608.00,0,1421
4610.00,0,1421
4612.00,0,1421
4615.00,0,1421
4617.00,0,1421
4619.00,0,1421
4621.00,0,1421
4623.00,0,1421
4625.00,0,1421
4627.00,0,1421
4629.00,0,1421
4631.00,0,1421
4633.00,0,1421
4635.00,0,1421
4637.00,0,1421
4639.00,0,1421
4641.00,0,1421
4643.00,0,1421
4645.00,0,1421
4647.00,0,1421
4649.00,0,1421
4651.00,0,1421
4653.00,0,1421
4655.00,0,1421
4658.00,0,1421
4660.00,0,1421
4662.00,0,1421
4664.00,0,1421
4666.00,0,1421
4668.00,0,1421
4670.00,0,1421
4672.00,0,1421
4674.00,0,1421
4676.00,0,1421
4678.00,0,1421
4680.00,0,1421
4682.00,0,1421
4684.00,0,1421
4686.00,0,1421
4688.00,0,1421
4690.00,0,1421
4692.00,0,1421
4694.00,0,1421
4696.00,0,1421
4698.00,0,1421
4701.00,0,1421
4703.00,0,1421
4705.00,0,1421
4707.00,0,1421
4709.00,0,1421
4711.00,0,1421
4713.00,0,1421
4715.00,0,1421
4717.00,0,1421
4719.00,0,1421
4721.00,0,1421
4723.00,0,1421
4725.00,0,1421
4727.00,0,1421
4729.00,0,1421
4731.00,0,1421
4733.00,0,1421
4735.00,0,1421
4737.00,0,1421
4739.00,0,1421
4741.00,0,1421
4744.00,0,1421
4746.00,0,1421
4748.00,0,1421
4750.00,0,1421
4752.00,0,1421
4754.00,0,1421
4756.00,0,1421
4758.00,0,1421
4760.00,0,1421
4762.00,0,1421
4764.00,0,1421
4766.00,0,1421
4768.00,0,1421
4770.00,0,1421
4772.00,0,1421
4774.00,0,1421
4776.00,0,1421
4778.00,0,1421
4780.00,0,1421
4782.00,0,1421
4784.00,0,1421
4787.00,0,1421
4789.00,0,1421
4791.00,0,1421
4793.00,0,1421
4795.00,0,1421
4797.00,0,1421
4799.00,0,1421
4801.00,0,1421
4803.00,0,1421
4805.00,0,1421
4807.00,0,1421
4809.00,0,1421
4811.00,0,1421
4813.00,0,1421
4815.00,0,1421
4817.00,0,1421
4819.00,0,1421
4821.00,0,1421
4823.00,0,1421
4825.00,0,1421
4827.00,0,1421
4830.00,0,1421
4832.00,0,1421
4834.00,0,1421
4836.00,0,1421
4838.00,0,1421
4840.00,0,1421
4842.00,0,1421
4844.00,0,1421
4846.00,0,1421
4848.00,0,1421
4850.00,0,1421
4852.00,0,1421
4854.00,0,1421
4856.00,0,1421
4858.00,0,1421
4860.00,0,1421
4862.00,0,1421
4864.00,0,1421
4866.00,0,1421
4868.00,0,1421
4871.00,0,1421
4873.00,0,1421
4875.00,0,1421
4877.00,0,1421
4879.00,0,1421
4881.00,0,1421
4883.00,0,1421
4885.00,0,1421
4887.00,0,1421
4889.00,0,1421
4891.00,0,1421
4893.00,0,1421
4895.00,0,1421
4897.00,0,1421
4899.00,0,1421
4901.00,0,1421
4903.00,0,1421
4905.00,0,1421
4907.00,0,1421
4909.00,0,1421
4911.00,0,1421
4914.00,0,1421
4916.00,0,1421
4918.00,0,1421
4920.00,0,1421
4922.00,0,1421
4924.00,0,1421
4926.00,0,1421
4928.00,0,1421
4930.00,0,1421
4932.00,0,1421
4934.00,0,1421
4936.00,0,1421
4938.00,0,1421
4940.00,0,1421
4942.00,0,1421
4944.00,0,1421
4946.00,0,1421
4948.00,0,1421
4950.00,0,1421
4952.00,0,1421
4954.00,0,1421
4957.00,0,1421
4959.00,0,1421
4961.00,0,1421
4963.00,0,1421
4965.00,0,1421
4967.00,0,1421
4969.00,0,1421
4971.00,0,1421
4973.00,0,1421
4975.00,0,1421
4977.00,0,1421
4979.00,0,1421
4981.00,0,1421
4983.00,0,1421
4985.00,0,1421
4987.00,0,1421
4989.00,0,1421
4991.00,0,1421
4993.00,0,1421
4995.00,0,1421
4997.00,0,1421
5000.00,0,1421